X,Y,Z,C
107,147.622,-29,90
107,147.623,-28.8,90
107,147.625,-28.6,90
107,147.628,-28.4,90
107,147.633,-28.2,90
107,147.639,-28,90
107,147.646,-27.8,90
107,147.655,-27.601,90
107,147.665,-27.401,90
107,147.676,-27.201,90
107,147.689,-27.001,90
107,147.703,-26.802,90
107,147.718,-26.603,90
107,147.735,-26.403,90
107,147.753,-26.204,90
107,147.772,-26.005,90
107,147.793,-25.806,90
107,147.815,-25.607,90
107,147.838,-25.409,90
107,147.863,-25.21,90
107,147.889,-25.012,90
107,147.916,-24.814,90
107,147.944,-24.616,90
107,147.974,-24.418,90
107,148.005,-24.22,90
107,148.038,-24.023,90
107,148.072,-23.826,90
107,148.107,-23.629,90
107,148.143,-23.432,90
107,148.181,-23.236,90
107,148.22,-23.04,90
107,148.261,-22.844,90
107,148.302,-22.648,90
107,148.345,-22.453,90
107,148.39,-22.258,90
107,148.435,-22.063,90
107,148.482,-21.869,90
107,148.53,-21.675,90
107,148.58,-21.481,90
107,148.631,-21.288,90
107,148.683,-21.094,90
107,148.736,-20.902,90
107,148.791,-20.709,90
107,148.847,-20.517,90
107,148.904,-20.326,90
107,148.962,-20.134,90
107,149.022,-19.944,90
107,149.083,-19.753,90
107,149.145,-19.563,90
107,149.209,-19.373,90
107,149.274,-19.184,90
107,149.34,-18.995,90
107,149.407,-18.807,90
107,149.476,-18.619,90
107,149.545,-18.432,90
107,149.616,-18.245,90
107,149.689,-18.058,90
107,149.762,-17.872,90
107,149.837,-17.687,90
107,149.913,-17.502,90
107,149.99,-17.317,90
107,150.069,-17.133,90
107,150.149,-16.95,90
107,150.23,-16.767,90
107,150.312,-16.585,90
107,150.395,-16.403,90
107,150.48,-16.222,90
107,150.566,-16.041,90
107,150.653,-15.861,90
107,150.741,-15.682,90
107,150.83,-15.503,90
107,150.921,-15.324,90
107,151.012,-15.147,90
107,151.105,-14.97,90
107,151.2,-14.793,90
107,151.295,-14.617,90
107,151.391,-14.442,90
107,151.489,-14.267,90
107,151.588,-14.094,90
107,151.688,-13.92,90
107,151.789,-13.748,90
107,151.891,-13.576,90
107,151.994,-13.405,90
107,152.099,-13.234,90
107,152.205,-13.064,90
107,152.311,-12.895,90
107,152.419,-12.727,90
107,152.528,-12.559,90
107,152.639,-12.392,90
107,152.75,-12.226,90
107,152.862,-12.061,90
107,152.976,-11.896,90
107,153.09,-11.732,90
107,153.206,-11.569,90
107,153.323,-11.407,90
107,153.441,-11.245,90
107,153.559,-11.084,90
107,153.679,-10.924,90
107,153.8,-10.765,90
107,153.923,-10.606,90
107,154.046,-10.449,90
107,154.17,-10.292,90
107,154.295,-10.136,90
107,154.421,-9.981,90
107,154.549,-9.827,90
107,154.677,-9.673,90
107,154.806,-9.521,90
107,154.937,-9.369,90
107,155.068,-9.218,90
107,155.201,-9.069,90
107,155.334,-8.92,90
107,155.468,-8.771,90
107,155.604,-8.624,90
107,155.74,-8.478,90
107,155.877,-8.332,90
107,156.015,-8.188,90
107,156.155,-8.044,90
107,156.295,-7.902,90
107,156.436,-7.76,90
107,156.578,-7.619,90
107,156.721,-7.479,90
107,156.865,-7.34,90
107,157.01,-7.203,90
107,157.156,-7.066,90
107,157.302,-6.93,90
107,157.45,-6.795,90
107,157.598,-6.661,90
107,157.748,-6.528,90
107,157.898,-6.396,90
107,158.049,-6.265,90
107,158.201,-6.135,90
107,158.354,-6.006,90
107,158.508,-5.878,90
107,158.662,-5.751,90
107,158.818,-5.625,90
107,158.974,-5.5,90
107,159.131,-5.376,90
107,159.289,-5.254,90
107,159.448,-5.132,90
107,159.607,-5.011,90
107,159.768,-4.892,90
107,159.929,-4.773,90
107,160.091,-4.656,90
107,160.253,-4.54,90
107,160.417,-4.424,90
107,160.581,-4.31,90
107,160.746,-4.197,90
107,160.912,-4.085,90
107,161.078,-3.974,90
107,161.245,-3.864,90
107,161.413,-3.756,90
107,161.582,-3.648,90
107,161.751,-3.542,90
107,161.921,-3.437,90
107,162.092,-3.333,90
107,162.264,-3.23,90
107,162.436,-3.128,90
107,162.609,-3.027,90
107,162.782,-2.928,90
107,162.956,-2.829,90
107,163.131,-2.732,90
107,163.306,-2.636,90
107,163.482,-2.541,90
107,163.659,-2.448,90
107,163.836,-2.355,90
107,164.014,-2.264,90
107,164.193,-2.174,90
107,164.372,-2.085,90
107,164.552,-1.997,90
107,164.732,-1.91,90
107,164.913,-1.825,90
107,165.094,-1.741,90
107,165.276,-1.658,90
107,165.459,-1.576,90
107,165.642,-1.496,90
107,165.826,-1.417,90
107,166.01,-1.339,90
107,166.195,-1.262,90
107,166.38,-1.186,90
107,166.565,-1.112,90
107,166.752,-1.039,90
107,166.938,-0.967,90
107,167.125,-0.896,90
107,167.313,-0.827,90
107,167.501,-0.759,90
107,167.689,-0.692,90
107,167.878,-0.626,90
107,168.068,-0.562,90
107,168.258,-0.499,90
107,168.448,-0.437,90
107,168.638,-0.377,90
107,168.829,-0.318,90
107,169.021,-0.26,90
107,169.213,-0.203,90
107,169.405,-0.147,90
107,169.597,-0.093,90
107,169.79,-0.04,90
107,169.983,0.011,90
107,170.177,0.061,90
107,170.371,0.11,90
107,170.565,0.158,90
107,170.76,0.205,90
107,170.955,0.25,90
107,171.15,0.293,90
107,171.345,0.336,90
107,171.541,0.377,90
107,171.737,0.417,90
107,171.933,0.456,90
107,172.13,0.493,90
107,172.326,0.529,90
107,172.523,0.563,90
107,172.72,0.597,90
107,172.918,0.629,90
107,173.116,0.66,90
107,173.313,0.689,90
107,173.511,0.717,90
107,173.71,0.744,90
107,173.908,0.769,90
107,174.107,0.793,90
107,174.305,0.816,90
107,174.504,0.838,90
107,174.703,0.858,90
107,174.902,0.876,90
107,175.101,0.894,90
107,175.301,0.91,90
107,175.5,0.925,90
107,175.7,0.938,90
107,175.899,0.95,90
107,176.099,0.961,90
107,176.299,0.971,90
107,176.499,0.979,90
107,176.699,0.986,90
107,176.898,0.992,90
107,177.098,0.996,90
107,177.298,0.999,90
107,177.498,1,90
107,177.698,1,90
107,177.898,1,90
107,178.098,1,90
107,178.298,1,90
107,178.498,1,90
107,178.698,1,90
107,178.898,1,90
107,179.098,1,90
107,179.298,1,90
107,179.498,1,90
107,179.698,1,90
107,179.898,1,90
107,180.098,1,90
107,180.298,1,90
107,180.498,1,90
107,180.698,1,90
107,180.898,1,90
107,181.098,1,90
107,181.298,1,90
107,181.498,1,90
107,181.698,1,90
107,181.898,1,90
107,182.098,1,90
107,182.298,1,90
107,182.498,1,90
107,182.698,1,90
107,182.898,1,90
107,183.098,1,90
107,183.298,1,90
107,183.498,1,90
107,183.698,1,90
107,183.898,1,90
107,184.098,1,90
107,184.298,1,90
107,184.498,1,90
107,184.698,1,90
107,184.898,1,90
107,185.098,1,90
107,185.298,1,90
107,185.498,1,90
107,185.698,1,90
107,185.898,1,90
107,186.098,1,90
107,186.298,1,90
107,186.498,1,90
107,186.698,1,90
107,186.898,1,90
107,187.098,1,90
107,187.298,1,90
107,187.498,1,90
107,187.698,1,90
107,187.898,1,90
107,188.098,1,90
107,188.298,1,90
107,188.498,1,90
107,188.698,1,90
107,188.898,1,90
107,189.098,1,90
107,189.298,1,90
107,189.498,1,90
107,189.698,1,90
107,189.898,1,90
107,190.098,1,90
107,190.298,1,90
107,190.498,1,90
107,190.698,1,90
107,190.898,1,90
107,191.098,1,90
107,191.298,1,90
107,191.498,1,90
107,191.698,1,90
107,191.898,1,90
107,192.098,1,90
107,192.298,1,90
107,192.498,1,90
107,192.698,1,90
107,192.898,1,90
107,193.098,1,90
107,193.298,1,90
107,193.498,1,90
107,193.698,1,90
107,193.898,1,90
107,194.098,1,90
107,194.298,1,90
107,194.498,1,90
107,194.698,1,90
107,194.898,1,90
107,195.098,1,90
107,195.298,1,90
107,195.498,1,90
107,195.698,1,90
107,195.898,1,90
107,196.098,1,90
107,196.298,1,90
107,196.498,1,90
107,196.698,1,90
107,196.898,1,90
107,197.098,1,90
107,197.298,1,90
107,197.498,1,90
107,197.698,1,90
107,197.898,1,90
107,198.098,1,90
107,198.298,1,90
107,198.498,1,90
107,198.698,1,90
107,198.898,1,90
107,199.098,1,90
107,199.298,1,90
107,199.498,1,90
107,199.698,1,90
107,199.898,1,90
107,200.098,1,90
107,200.298,1,90
107,200.498,1,90
107,200.698,1,90
107,200.898,1,90
107,201.098,1,90
107,201.298,1,90
107,201.498,1,90
107,201.698,1,90
107,201.898,1,90
107,202.098,1,90
107,202.298,1,90
107,202.498,1,90
107,202.698,1,90
107,202.898,1,90
107,203.098,1,90
107,203.298,1,90
107,203.498,1,90
107,203.698,1,90
107,203.898,1,90
107,204.098,1,90
107,204.298,1,90
107,204.498,1,90
107,204.698,1,90
107,204.898,1,90
107,205.098,1,90
107,205.298,1,90
107,205.498,1,90
107,205.698,1,90
107,205.898,1,90
107,206.098,1,90
107,206.298,1,90
107,206.498,1,90
107,206.698,1,90
107,206.898,1,90
107,207.098,1,90
107,207.298,1,90
107,207.498,1,90
107,207.698,1,90
107,207.898,1,90
107,208.098,1,90
107,208.298,1,90
107,208.498,1,90
107,208.698,1,90
107,208.898,1,90
107,209.098,1,90
107,209.298,1,90
107,209.498,1,90
107,209.698,1,90
107,209.898,1,90
107,210.098,1,90
107,210.298,1,90
107,210.498,1,90
107,210.698,1,90
107,210.898,1,90
107,211.098,1,90
107,211.298,1,90
107,211.498,1,90
107,211.698,1,90
107,211.898,1,90
107,212.098,1,90
107,212.298,1,90
107,212.498,1,90
107,212.698,1,90
107,212.898,1,90
107,213.098,1,90
107,213.298,1,90
107,213.498,1,90
107,213.698,1,90
107,213.898,1,90
107,214.098,1,90
107,214.298,1,90
107,214.498,1,90
107,214.698,1,90
107,214.898,1,90
107,215.098,1,90
107,215.298,1,90
107,215.498,1,90
107,215.698,1,90
107,215.898,1,90
107,216.098,1,90
107,216.298,1,90
107,216.498,1,90
107,216.698,1,90
107,216.898,1,90
107,217.098,1,90
107,217.298,1,90
107,217.498,1,90
107,217.698,1,90
107,217.898,1,90
107,218.098,1,90
107,218.298,1,90
107,218.498,1,90
107,218.698,1,90
107,218.898,1,90
107,219.098,1,90
107,219.298,1,90
107,219.498,1,90
107,219.698,1,90
107,219.898,1,90
107,220.098,1,90
107,220.298,1,90
107,220.498,1,90
107,220.698,1,90
107,220.898,1,90
107,221.098,1.001,90
107,221.298,1.016,90
107,221.493,1.059,90
107,221.683,1.12,90
107,221.867,1.198,90
107,222.043,1.293,90
107,222.208,1.406,90
107,222.361,1.535,90
107,222.501,1.678,90
107,222.625,1.834,90
107,222.733,2.002,90
107,222.824,2.18,90
107,222.897,2.367,90
107,222.954,2.558,90
107,222.991,2.755,90
107,223,2.954,90
107,223,3.154,90
107,223,3.354,90
107,223,3.554,90
107,223,3.754,90
107,223,3.954,90
107,223,4.154,90
107,223,4.354,90
107,223,4.554,90
107,223,4.754,90
107,223,4.954,90
107,223,5.154,90
107,223,5.354,90
107,223,5.554,90
107,223,5.754,90
107,223,5.954,90
107,223,6.154,90
107,223,6.354,90
107,223,6.554,90
107,223,6.754,90
107,223,6.954,90
107,223,7.154,90
107,223,7.354,90
107,223,7.554,90
107,223,7.754,90
107,223,7.954,90
107,223,8.154,90
107,223,8.354,90
107,223,8.554,90
107,223,8.754,90
107,223,8.954,90
107,223,9.154,90
107,223,9.354,90
107,223,9.554,90
107,223,9.754,90
107,223,9.954,90
107,223,10.154,90
107,223,10.354,90
107,223,10.554,90
107,223,10.754,90
107,223,10.954,90
107,223,11.154,90
107,223,11.354,90
107,223,11.554,90
107,223,11.754,90
107,223,11.954,90
107,223,12.154,90
107,223,12.354,90
107,223,12.554,90
107,223,12.754,90
107,223,12.954,90
107,223,13.154,90
107,223,13.354,90
107,223,13.554,90
107,223,13.754,90
107,223,13.954,90
107,223,14.154,90
107,223,14.354,90
107,223,14.554,90
107,223,14.754,90
107,223,14.954,90
107,223,15.154,90
107,223,15.354,90
107,223,15.554,90
107,223,15.754,90
107,223,15.954,90
107,223,16.154,90
107,223,16.354,90
107,223,16.554,90
107,223,16.754,90
107,223,16.954,90
107,223,17.154,90
107,223,17.354,90
107,223,17.554,90
107,223,17.754,90
107,223,17.954,90
107,223,18.154,90
107,223,18.354,90
107,223,18.554,90
107,223,18.754,90
107,223,18.954,90
107,223,19.154,90
107,223,19.354,90
107,223,19.554,90
107,223,19.754,90
107,223,19.954,90
107,223,20.154,90
107,223,20.354,90
107,223,20.554,90
107,223,20.754,90
107,223,20.954,90
107,222.998,21.154,90
107,222.975,21.353,90
107,222.925,21.546,90
107,222.86,21.735,90
107,222.777,21.917,90
107,222.677,22.09,90
107,222.559,22.252,90
107,222.427,22.402,90
107,222.28,22.537,90
107,222.12,22.657,90
107,221.949,22.761,90
107,221.768,22.847,90
107,221.58,22.914,90
107,221.386,22.963,90
107,221.189,22.993,90
107,220.989,23.006,90
107,220.789,23.007,90
107,220.589,23.004,90
107,220.389,23.001,90
107,220.189,23,90
107,219.989,23,90
107,219.789,23,90
107,219.589,23,90
107,219.389,23,90
107,219.189,23,90
107,218.989,23,90
107,218.789,23,90
107,218.589,23.001,90
107,218.389,23.001,90
107,218.189,23.002,90
107,217.989,23.003,90
107,217.789,23.004,90
107,217.589,23.005,90
107,217.389,23.006,90
107,217.189,23.008,90
107,216.989,23.01,90
107,216.789,23.012,90
107,216.589,23.015,90
107,216.389,23.018,90
107,216.189,23.021,90
107,215.989,23.025,90
107,215.789,23.03,90
107,215.589,23.035,90
107,215.389,23.04,90
107,215.19,23.046,90
107,214.99,23.053,90
107,214.79,23.06,90
107,214.59,23.069,90
107,214.39,23.077,90
107,214.19,23.087,90
107,213.991,23.098,90
107,213.791,23.109,90
107,213.591,23.122,90
107,213.392,23.135,90
107,213.192,23.15,90
107,212.993,23.165,90
107,212.794,23.182,90
107,212.594,23.199,90
107,212.395,23.218,90
107,212.196,23.238,90
107,211.997,23.258,90
107,211.799,23.28,90
107,211.6,23.303,90
107,211.401,23.328,90
107,211.203,23.353,90
107,211.005,23.379,90
107,210.807,23.406,90
107,210.609,23.435,90
107,210.411,23.464,90
107,210.213,23.495,90
107,210.016,23.526,90
107,209.818,23.558,90
107,209.621,23.592,90
107,209.424,23.626,90
107,209.227,23.661,90
107,209.03,23.696,90
107,208.834,23.733,90
107,208.637,23.77,90
107,208.441,23.808,90
107,208.245,23.847,90
107,208.048,23.886,90
107,207.852,23.926,90
107,207.657,23.967,90
107,207.461,24.008,90
107,207.265,24.05,90
107,207.07,24.092,90
107,206.875,24.135,90
107,206.679,24.178,90
107,206.484,24.222,90
107,206.289,24.266,90
107,206.094,24.31,90
107,205.899,24.355,90
107,205.704,24.4,90
107,205.509,24.446,90
107,205.315,24.491,90
107,205.12,24.537,90
107,204.926,24.584,90
107,204.731,24.63,90
107,204.537,24.677,90
107,204.342,24.724,90
107,204.148,24.772,90
107,203.954,24.819,90
107,203.759,24.867,90
107,203.565,24.915,90
107,203.371,24.963,90
107,203.177,25.011,90
107,202.983,25.059,90
107,202.789,25.108,90
107,202.595,25.156,90
107,202.401,25.205,90
107,202.207,25.254,90
107,202.013,25.303,90
107,201.819,25.352,90
107,201.625,25.402,90
107,201.432,25.451,90
107,201.238,25.5,90
107,201.044,25.55,90
107,200.85,25.6,90
107,200.657,25.649,90
107,200.463,25.699,90
107,200.269,25.749,90
107,200.075,25.799,90
107,199.882,25.849,90
107,199.688,25.899,90
107,199.495,25.949,90
107,199.301,25.999,90
107,199.107,26.049,90
107,198.914,26.099,90
107,198.72,26.149,90
107,198.526,26.2,90
107,198.333,26.25,90
107,198.139,26.3,90
107,197.946,26.35,90
107,197.752,26.401,90
107,197.559,26.451,90
107,197.365,26.501,90
107,197.171,26.552,90
107,196.978,26.602,90
107,196.784,26.652,90
107,196.591,26.703,90
107,196.397,26.753,90
107,196.204,26.803,90
107,196.01,26.853,90
107,195.816,26.904,90
107,195.623,26.954,90
107,195.429,27.004,90
107,195.236,27.054,90
107,195.042,27.104,90
107,194.848,27.154,90
107,194.655,27.204,90
107,194.461,27.254,90
107,194.267,27.304,90
107,194.074,27.354,90
107,193.88,27.404,90
107,193.686,27.454,90
107,193.493,27.504,90
107,193.299,27.553,90
107,193.105,27.603,90
107,192.911,27.652,90
107,192.718,27.702,90
107,192.524,27.751,90
107,192.33,27.801,90
107,192.136,27.85,90
107,191.942,27.899,90
107,191.748,27.948,90
107,191.555,27.998,90
107,191.361,28.046,90
107,191.167,28.095,90
107,190.973,28.144,90
107,190.779,28.193,90
107,190.585,28.242,90
107,190.391,28.29,90
107,190.197,28.339,90
107,190.003,28.387,90
107,189.809,28.435,90
107,189.614,28.483,90
107,189.42,28.531,90
107,189.226,28.579,90
107,189.032,28.627,90
107,188.838,28.675,90
107,188.643,28.722,90
107,188.449,28.77,90
107,188.255,28.817,90
107,188.061,28.864,90
107,187.866,28.912,90
107,187.672,28.959,90
107,187.477,29.005,90
107,187.283,29.052,90
107,187.088,29.099,90
107,186.894,29.145,90
107,186.699,29.192,90
107,186.505,29.238,90
107,186.31,29.284,90
107,186.115,29.33,90
107,185.921,29.375,90
107,185.726,29.421,90
107,185.531,29.466,90
107,185.336,29.512,90
107,185.142,29.557,90
107,184.947,29.602,90
107,184.752,29.646,90
107,184.557,29.691,90
107,184.362,29.735,90
107,184.167,29.78,90
107,183.972,29.824,90
107,183.776,29.868,90
107,183.581,29.911,90
107,183.386,29.955,90
107,183.191,29.998,90
107,182.996,30.041,90
107,182.8,30.084,90
107,182.605,30.127,90
107,182.409,30.17,90
107,182.214,30.212,90
107,182.018,30.254,90
107,181.823,30.296,90
107,181.627,30.338,90
107,181.432,30.379,90
107,181.236,30.42,90
107,181.04,30.462,90
107,180.844,30.502,90
107,180.649,30.543,90
107,180.453,30.583,90
107,180.257,30.623,90
107,180.061,30.663,90
107,179.865,30.703,90
107,179.669,30.742,90
107,179.472,30.781,90
107,179.276,30.82,90
107,179.08,30.859,90
107,178.884,30.897,90
107,178.687,30.935,90
107,178.491,30.973,90
107,178.295,31.01,90
107,178.098,31.047,90
107,177.901,31.084,90
107,177.705,31.121,90
107,177.508,31.157,90
107,177.311,31.193,90
107,177.115,31.229,90
107,176.918,31.264,90
107,176.721,31.299,90
107,176.524,31.334,90
107,176.327,31.368,90
107,176.13,31.402,90
107,175.933,31.436,90
107,175.735,31.469,90
107,175.538,31.502,90
107,175.341,31.535,90
107,175.143,31.567,90
107,174.946,31.599,90
107,174.748,31.63,90
107,174.551,31.661,90
107,174.353,31.692,90
107,174.156,31.722,90
107,173.958,31.752,90
107,173.76,31.782,90
107,173.562,31.811,90
107,173.364,31.839,90
107,173.166,31.867,90
107,172.968,31.895,90
107,172.77,31.922,90
107,172.572,31.949,90
107,172.374,31.975,90
107,172.175,32.001,90
107,171.977,32.026,90
107,171.778,32.051,90
107,171.58,32.076,90
107,171.381,32.099,90
107,171.183,32.122,90
107,170.984,32.145,90
107,170.785,32.167,90
107,170.586,32.189,90
107,170.387,32.21,90
107,170.188,32.23,90
107,169.989,32.25,90
107,169.79,32.269,90
107,169.591,32.287,90
107,169.392,32.305,90
107,169.193,32.322,90
107,168.993,32.339,90
107,168.794,32.354,90
107,168.595,32.37,90
107,168.395,32.384,90
107,168.195,32.397,90
107,167.996,32.41,90
107,167.796,32.422,90
107,167.597,32.434,90
107,167.397,32.444,90
107,167.197,32.454,90
107,166.997,32.462,90
107,166.797,32.471,90
107,166.598,32.478,90
107,166.398,32.484,90
107,166.198,32.488,90
107,165.998,32.492,90
107,165.798,32.495,90
107,165.598,32.499,90
107,165.398,32.502,90
107,165.198,32.506,90
107,164.998,32.509,90
107,164.798,32.513,90
107,164.598,32.516,90
107,164.398,32.519,90
107,164.198,32.523,90
107,163.998,32.526,90
107,163.798,32.53,90
107,163.598,32.533,90
107,163.398,32.537,90
107,163.198,32.54,90
107,162.998,32.544,90
107,162.798,32.547,90
107,162.598,32.551,90
107,162.398,32.554,90
107,162.198,32.558,90
107,161.998,32.561,90
107,161.798,32.565,90
107,161.598,32.568,90
107,161.398,32.572,90
107,161.198,32.575,90
107,160.999,32.579,90
107,160.799,32.582,90
107,160.599,32.586,90
107,160.399,32.589,90
107,160.199,32.593,90
107,159.999,32.596,90
107,159.799,32.6,90
107,159.599,32.603,90
107,159.399,32.607,90
107,159.199,32.61,90
107,158.999,32.614,90
107,158.799,32.617,90
107,158.599,32.621,90
107,158.399,32.624,90
107,158.199,32.628,90
107,157.999,32.631,90
107,157.799,32.635,90
107,157.599,32.638,90
107,157.399,32.642,90
107,157.199,32.645,90
107,156.999,32.649,90
107,156.799,32.652,90
107,156.599,32.656,90
107,156.399,32.659,90
107,156.199,32.663,90
107,155.999,32.666,90
107,155.799,32.67,90
107,155.599,32.673,90
107,155.399,32.677,90
107,155.199,32.68,90
107,154.999,32.684,90
107,154.799,32.687,90
107,154.599,32.691,90
107,154.4,32.694,90
107,154.2,32.698,90
107,154,32.701,90
107,153.8,32.704,90
107,153.6,32.708,90
107,153.4,32.711,90
107,153.2,32.715,90
107,153,32.718,90
107,152.8,32.722,90
107,152.6,32.725,90
107,152.4,32.729,90
107,152.2,32.732,90
107,152,32.736,90
107,151.8,32.739,90
107,151.6,32.743,90
107,151.4,32.746,90
107,151.2,32.75,90
107,151,32.753,90
107,150.8,32.757,90
107,150.6,32.76,90
107,150.4,32.764,90
107,150.2,32.767,90
107,150,32.771,90
107,149.8,32.774,90
107,149.6,32.778,90
107,149.4,32.781,90
107,149.2,32.785,90
107,149,32.788,90
107,148.8,32.792,90
107,148.6,32.795,90
107,148.4,32.799,90
107,148.2,32.802,90
107,148,32.806,90
107,147.801,32.809,90
107,147.601,32.813,90
107,147.401,32.816,90
107,147.201,32.82,90
107,147.001,32.823,90
107,146.801,32.827,90
107,146.601,32.83,90
107,146.401,32.834,90
107,146.201,32.837,90
107,146.001,32.841,90
107,145.801,32.844,90
107,145.601,32.848,90
107,145.401,32.851,90
107,145.201,32.855,90
107,145.001,32.858,90
107,144.801,32.862,90
107,144.601,32.865,90
107,144.401,32.869,90
107,144.201,32.872,90
107,144.001,32.876,90
107,143.801,32.879,90
107,143.601,32.883,90
107,143.401,32.886,90
107,143.201,32.889,90
107,143.001,32.893,90
107,142.801,32.896,90
107,142.601,32.9,90
107,142.401,32.903,90
107,142.201,32.907,90
107,142.001,32.91,90
107,141.801,32.914,90
107,141.601,32.917,90
107,141.401,32.921,90
107,141.202,32.924,90
107,141.002,32.928,90
107,140.802,32.931,90
107,140.602,32.935,90
107,140.402,32.938,90
107,140.202,32.942,90
107,140.002,32.945,90
107,139.802,32.949,90
107,139.602,32.952,90
107,139.402,32.956,90
107,139.202,32.959,90
107,139.002,32.963,90
107,138.802,32.966,90
107,138.602,32.97,90
107,138.402,32.973,90
107,138.202,32.977,90
107,138.002,32.98,90
107,137.802,32.984,90
107,137.602,32.987,90
107,137.402,32.991,90
107,137.202,32.994,90
107,137.002,32.998,90
107,136.802,33.001,90
107,136.602,33.005,90
107,136.402,33.008,90
107,136.202,33.012,90
107,136.002,33.015,90
107,135.802,33.019,90
107,135.602,33.022,90
107,135.402,33.026,90
107,135.202,33.029,90
107,135.002,33.033,90
107,134.803,33.036,90
107,134.603,33.04,90
107,134.403,33.043,90
107,134.203,33.047,90
107,134.003,33.05,90
107,133.803,33.054,90
107,133.603,33.057,90
107,133.403,33.061,90
107,133.203,33.064,90
107,133.003,33.068,90
107,132.803,33.071,90
107,132.603,33.074,90
107,132.403,33.078,90
107,132.203,33.081,90
107,132.003,33.085,90
107,131.803,33.088,90
107,131.603,33.092,90
107,131.403,33.095,90
107,131.203,33.099,90
107,131.003,33.102,90
107,130.803,33.106,90
107,130.603,33.109,90
107,130.403,33.113,90
107,130.203,33.116,90
107,130.003,33.12,90
107,129.803,33.123,90
107,129.603,33.127,90
107,129.403,33.13,90
107,129.203,33.134,90
107,129.003,33.137,90
107,128.803,33.141,90
107,128.603,33.144,90
107,128.403,33.148,90
107,128.204,33.151,90
107,128.004,33.155,90
107,127.804,33.158,90
107,127.604,33.162,90
107,127.404,33.165,90
107,127.204,33.169,90
107,127.004,33.172,90
107,126.804,33.176,90
107,126.604,33.179,90
107,126.404,33.183,90
107,126.204,33.186,90
107,126.004,33.19,90
107,125.804,33.193,90
107,125.604,33.197,90
107,125.404,33.2,90
107,125.204,33.204,90
107,125.004,33.207,90
107,124.804,33.211,90
107,124.604,33.214,90
107,124.404,33.218,90
107,124.204,33.221,90
107,124.004,33.225,90
107,123.804,33.228,90
107,123.604,33.232,90
107,123.404,33.235,90
107,123.204,33.239,90
107,123.004,33.242,90
107,122.804,33.246,90
107,122.604,33.249,90
107,122.404,33.252,90
107,122.204,33.256,90
107,122.004,33.259,90
107,121.804,33.263,90
107,121.605,33.266,90
107,121.405,33.27,90
107,121.205,33.273,90
107,121.005,33.277,90
107,120.805,33.28,90
107,120.605,33.284,90
107,120.405,33.287,90
107,120.205,33.291,90
107,120.005,33.294,90
107,119.805,33.298,90
107,119.605,33.301,90
107,119.405,33.305,90
107,119.205,33.308,90
107,119.005,33.312,90
107,118.805,33.315,90
107,118.605,33.319,90
107,118.405,33.322,90
107,118.205,33.326,90
107,118.005,33.329,90
107,117.805,33.333,90
107,117.605,33.336,90
107,117.405,33.34,90
107,117.205,33.343,90
107,117.005,33.347,90
107,116.805,33.35,90
107,116.605,33.354,90
107,116.405,33.357,90
107,116.205,33.361,90
107,116.005,33.364,90
107,115.805,33.368,90
107,115.605,33.371,90
107,115.405,33.375,90
107,115.205,33.378,90
107,115.006,33.382,90
107,114.806,33.385,90
107,114.606,33.389,90
107,114.406,33.392,90
107,114.206,33.396,90
107,114.006,33.399,90
107,113.806,33.403,90
107,113.606,33.406,90
107,113.406,33.41,90
107,113.206,33.413,90
107,113.006,33.417,90
107,112.806,33.42,90
107,112.606,33.424,90
107,112.406,33.427,90
107,112.206,33.431,90
107,112.006,33.434,90
107,111.806,33.437,90
107,111.606,33.441,90
107,111.406,33.444,90
107,111.206,33.448,90
107,111.006,33.451,90
107,110.806,33.455,90
107,110.606,33.458,90
107,110.406,33.462,90
107,110.206,33.465,90
107,110.006,33.469,90
107,109.806,33.472,90
107,109.606,33.476,90
107,109.406,33.479,90
107,109.206,33.483,90
107,109.006,33.486,90
107,108.806,33.49,90
107,108.606,33.493,90
107,108.407,33.497,90
107,108.207,33.5,90
107,108.007,33.504,90
107,107.807,33.507,90
107,107.607,33.511,90
107,107.407,33.514,90
107,107.207,33.518,90
107,107.007,33.521,90
107,106.807,33.525,90
107,106.607,33.528,90
107,106.407,33.532,90
107,106.207,33.535,90
107,106.007,33.539,90
107,105.807,33.542,90
107,105.607,33.546,90
107,105.407,33.549,90
107,105.207,33.553,90
107,105.007,33.556,90
107,104.807,33.56,90
107,104.607,33.563,90
107,104.407,33.567,90
107,104.207,33.57,90
107,104.007,33.574,90
107,103.807,33.577,90
107,103.607,33.581,90
107,103.407,33.584,90
107,103.207,33.588,90
107,103.007,33.591,90
107,102.807,33.595,90
107,102.607,33.598,90
107,102.407,33.602,90
107,102.207,33.605,90
107,102.007,33.609,90
107,101.808,33.612,90
107,101.608,33.616,90
107,101.408,33.619,90
107,101.208,33.622,90
107,101.008,33.626,90
107,100.808,33.629,90
107,100.608,33.633,90
107,100.408,33.636,90
107,100.208,33.64,90
107,100.008,33.643,90
107,99.808,33.647,90
107,99.608,33.65,90
107,99.408,33.654,90
107,99.208,33.657,90
107,99.008,33.661,90
107,98.808,33.664,90
107,98.608,33.668,90
107,98.408,33.671,90
107,98.208,33.675,90
107,98.008,33.678,90
107,97.808,33.682,90
107,97.608,33.685,90
107,97.408,33.689,90
107,97.208,33.692,90
107,97.008,33.696,90
107,96.808,33.699,90
107,96.608,33.703,90
107,96.408,33.706,90
107,96.208,33.71,90
107,96.008,33.713,90
107,95.808,33.717,90
107,95.608,33.72,90
107,95.409,33.724,90
107,95.209,33.727,90
107,95.009,33.731,90
107,94.809,33.734,90
107,94.609,33.738,90
107,94.409,33.741,90
107,94.209,33.745,90
107,94.009,33.748,90
107,93.809,33.752,90
107,93.609,33.755,90
107,93.409,33.759,90
107,93.209,33.762,90
107,93.009,33.766,90
107,92.809,33.769,90
107,92.609,33.773,90
107,92.409,33.776,90
107,92.209,33.78,90
107,92.009,33.783,90
107,91.809,33.787,90
107,91.609,33.79,90
107,91.409,33.794,90
107,91.209,33.797,90
107,91.009,33.801,90
107,90.809,33.804,90
107,90.609,33.807,90
107,90.409,33.811,90
107,90.209,33.814,90
107,90.009,33.818,90
107,89.809,33.821,90
107,89.609,33.825,90
107,89.409,33.828,90
107,89.209,33.832,90
107,89.009,33.835,90
107,88.81,33.839,90
107,88.61,33.842,90
107,88.41,33.846,90
107,88.21,33.849,90
107,88.01,33.853,90
107,87.81,33.856,90
107,87.61,33.86,90
107,87.41,33.863,90
107,87.21,33.867,90
107,87.01,33.87,90
107,86.81,33.874,90
107,86.61,33.877,90
107,86.41,33.881,90
107,86.21,33.884,90
107,86.01,33.888,90
107,85.81,33.891,90
107,85.61,33.895,90
107,85.41,33.898,90
107,85.21,33.902,90
107,85.01,33.905,90
107,84.81,33.909,90
107,84.61,33.912,90
107,84.41,33.916,90
107,84.21,33.919,90
107,84.01,33.923,90
107,83.81,33.926,90
107,83.61,33.93,90
107,83.41,33.933,90
107,83.21,33.937,90
107,83.01,33.94,90
107,82.81,33.944,90
107,82.61,33.947,90
107,82.41,33.951,90
107,82.211,33.954,90
107,82.011,33.958,90
107,81.811,33.961,90
107,81.611,33.965,90
107,81.411,33.968,90
107,81.211,33.972,90
107,81.011,33.975,90
107,80.811,33.979,90
107,80.611,33.982,90
107,80.411,33.985,90
107,80.211,33.989,90
107,80.011,33.992,90
107,79.811,33.996,90
107,79.611,33.999,90
107,79.411,34.003,90
107,79.211,34.006,90
107,79.011,34.01,90
107,78.811,34.013,90
107,78.611,34.017,90
107,78.411,34.02,90
107,78.211,34.024,90
107,78.011,34.027,90
107,77.811,34.031,90
107,77.611,34.034,90
107,77.411,34.038,90
107,77.211,34.041,90
107,77.011,34.045,90
107,76.811,34.048,90
107,76.611,34.052,90
107,76.411,34.055,90
107,76.211,34.059,90
107,76.011,34.062,90
107,75.811,34.066,90
107,75.612,34.069,90
107,75.412,34.073,90
107,75.212,34.076,90
107,75.012,34.08,90
107,74.812,34.083,90
107,74.612,34.087,90
107,74.412,34.09,90
107,74.212,34.094,90
107,74.012,34.097,90
107,73.812,34.101,90
107,73.612,34.104,90
107,73.412,34.108,90
107,73.212,34.111,90
107,73.012,34.115,90
107,72.812,34.118,90
107,72.612,34.122,90
107,72.412,34.125,90
107,72.212,34.129,90
107,72.012,34.132,90
107,71.812,34.136,90
107,71.612,34.139,90
107,71.412,34.143,90
107,71.212,34.146,90
107,71.012,34.15,90
107,70.812,34.153,90
107,70.612,34.157,90
107,70.412,34.16,90
107,70.212,34.164,90
107,70.012,34.167,90
107,69.812,34.17,90
107,69.612,34.174,90
107,69.412,34.177,90
107,69.212,34.181,90
107,69.013,34.184,90
107,68.813,34.188,90
107,68.613,34.191,90
107,68.413,34.195,90
107,68.213,34.198,90
107,68.013,34.202,90
107,67.813,34.205,90
107,67.613,34.209,90
107,67.413,34.212,90
107,67.213,34.216,90
107,67.013,34.219,90
107,66.813,34.223,90
107,66.613,34.226,90
107,66.413,34.23,90
107,66.213,34.233,90
107,66.013,34.237,90
107,65.813,34.24,90
107,65.613,34.244,90
107,65.413,34.247,90
107,65.213,34.251,90
107,65.013,34.254,90
107,64.813,34.258,90
107,64.613,34.261,90
107,64.413,34.265,90
107,64.213,34.268,90
107,64.013,34.272,90
107,63.813,34.275,90
107,63.613,34.279,90
107,63.413,34.282,90
107,63.213,34.286,90
107,63.013,34.289,90
107,62.813,34.293,90
107,62.613,34.296,90
107,62.414,34.3,90
107,62.214,34.303,90
107,62.014,34.307,90
107,61.814,34.31,90
107,61.614,34.314,90
107,61.414,34.317,90
107,61.214,34.321,90
107,61.014,34.324,90
107,60.814,34.328,90
107,60.614,34.331,90
107,60.414,34.335,90
107,60.214,34.338,90
107,60.014,34.342,90
107,59.814,34.345,90
107,59.614,34.349,90
107,59.414,34.352,90
107,59.214,34.355,90
107,59.014,34.359,90
107,58.814,34.362,90
107,58.614,34.366,90
107,58.414,34.369,90
107,58.214,34.373,90
107,58.014,34.376,90
107,57.814,34.38,90
107,57.614,34.383,90
107,57.414,34.387,90
107,57.214,34.39,90
107,57.014,34.394,90
107,56.814,34.397,90
107,56.614,34.401,90
107,56.414,34.404,90
107,56.214,34.408,90
107,56.015,34.411,90
107,55.815,34.415,90
107,55.615,34.418,90
107,55.415,34.422,90
107,55.215,34.425,90
107,55.015,34.429,90
107,54.815,34.432,90
107,54.615,34.436,90
107,54.415,34.439,90
107,54.215,34.443,90
107,54.015,34.446,90
107,53.815,34.45,90
107,53.615,34.453,90
107,53.415,34.457,90
107,53.215,34.46,90
107,53.015,34.464,90
107,52.815,34.467,90
107,52.615,34.471,90
107,52.415,34.474,90
107,52.215,34.478,90
107,52.015,34.481,90
107,51.815,34.485,90
107,51.615,34.488,90
107,51.415,34.492,90
107,51.215,34.495,90
107,51.015,34.499,90
107,50.815,34.502,90
107,50.615,34.506,90
107,50.415,34.509,90
107,50.215,34.513,90
107,50.015,34.516,90
107,49.815,34.52,90
107,49.615,34.523,90
107,49.416,34.527,90
107,49.216,34.53,90
107,49.016,34.534,90
107,48.816,34.537,90
107,48.616,34.54,90
107,48.416,34.544,90
107,48.216,34.547,90
107,48.016,34.551,90
107,47.816,34.554,90
107,47.616,34.558,90
107,47.416,34.561,90
107,47.216,34.565,90
107,47.016,34.568,90
107,46.816,34.572,90
107,46.616,34.575,90
107,46.416,34.579,90
107,46.216,34.582,90
107,46.016,34.586,90
107,45.816,34.589,90
107,45.616,34.593,90
107,45.416,34.596,90
107,45.216,34.6,90
107,45.016,34.603,90
107,44.816,34.607,90
107,44.616,34.61,90
107,44.416,34.614,90
107,44.216,34.617,90
107,44.016,34.621,90
107,43.816,34.624,90
107,43.616,34.628,90
107,43.416,34.631,90
107,43.216,34.635,90
107,43.016,34.638,90
107,42.817,34.642,90
107,42.617,34.645,90
107,42.417,34.649,90
107,42.217,34.652,90
107,42.017,34.656,90
107,41.817,34.659,90
107,41.617,34.663,90
107,41.417,34.666,90
107,41.217,34.67,90
107,41.017,34.673,90
107,40.817,34.677,90
107,40.617,34.68,90
107,40.417,34.684,90
107,40.217,34.687,90
107,40.017,34.691,90
107,39.817,34.694,90
107,39.617,34.698,90
107,39.417,34.701,90
107,39.217,34.705,90
107,39.017,34.708,90
107,38.817,34.712,90
107,38.617,34.715,90
107,38.417,34.718,90
107,38.217,34.722,90
107,38.017,34.725,90
107,37.817,34.729,90
107,37.617,34.732,90
107,37.417,34.736,90
107,37.217,34.739,90
107,37.017,34.743,90
107,36.817,34.746,90
107,36.617,34.75,90
107,36.417,34.753,90
107,36.218,34.757,90
107,36.018,34.76,90
107,35.818,34.764,90
107,35.618,34.767,90
107,35.418,34.771,90
107,35.218,34.774,90
107,35.018,34.778,90
107,34.818,34.781,90
107,34.618,34.785,90
107,34.418,34.788,90
107,34.218,34.792,90
107,34.018,34.795,90
107,33.818,34.799,90
107,33.618,34.802,90
107,33.418,34.806,90
107,33.218,34.809,90
107,33.018,34.813,90
107,32.818,34.816,90
107,32.618,34.82,90
107,32.418,34.823,90
107,32.218,34.827,90
107,32.018,34.83,90
107,31.818,34.834,90
107,31.618,34.837,90
107,31.418,34.841,90
107,31.218,34.844,90
107,31.018,34.848,90
107,30.818,34.851,90
107,30.618,34.855,90
107,30.418,34.858,90
107,30.218,34.862,90
107,30.018,34.865,90
107,29.818,34.869,90
107,29.619,34.872,90
107,29.419,34.876,90
107,29.219,34.879,90
107,29.019,34.883,90
107,28.819,34.886,90
107,28.619,34.89,90
107,28.419,34.893,90
107,28.219,34.897,90
107,28.019,34.9,90
107,27.819,34.903,90
107,27.619,34.907,90
107,27.419,34.91,90
107,27.219,34.914,90
107,27.019,34.917,90
107,26.819,34.921,90
107,26.619,34.924,90
107,26.419,34.928,90
107,26.219,34.931,90
107,26.019,34.935,90
107,25.819,34.938,90
107,25.619,34.942,90
107,25.419,34.945,90
107,25.219,34.949,90
107,25.019,34.952,90
107,24.819,34.956,90
107,24.619,34.959,90
107,24.419,34.963,90
107,24.219,34.966,90
107,24.019,34.97,90
107,23.819,34.973,90
107,23.619,34.977,90
107,23.419,34.98,90
107,23.219,34.984,90
107,23.02,34.987,90
107,22.82,34.991,90
107,22.62,34.994,90
107,22.42,34.998,90
107,22.22,35.001,90
107,22.02,35.005,90
107,21.82,35.008,90
107,21.62,35.012,90
107,21.42,35.015,90
107,21.22,35.019,90
107,21.02,35.022,90
107,20.82,35.026,90
107,20.62,35.029,90
107,20.42,35.033,90
107,20.22,35.036,90
107,20.02,35.04,90
107,19.82,35.043,90
107,19.62,35.047,90
107,19.42,35.05,90
107,19.22,35.054,90
107,19.02,35.057,90
107,18.82,35.061,90
107,18.62,35.064,90
107,18.42,35.068,90
107,18.22,35.071,90
107,18.02,35.075,90
107,17.82,35.078,90
107,17.62,35.082,90
107,17.42,35.085,90
107,17.22,35.088,90
107,17.02,35.092,90
107,16.82,35.095,90
107,16.621,35.099,90
107,16.421,35.102,90
107,16.221,35.106,90
107,16.021,35.109,90
107,15.821,35.113,90
107,15.621,35.116,90
107,15.421,35.12,90
107,15.221,35.123,90
107,15.021,35.127,90
107,14.821,35.13,90
107,14.621,35.134,90
107,14.421,35.137,90
107,14.221,35.141,90
107,14.021,35.144,90
107,13.821,35.148,90
107,13.621,35.151,90
107,13.421,35.155,90
107,13.221,35.158,90
107,13.021,35.162,90
107,12.821,35.165,90
107,12.621,35.169,90
107,12.421,35.172,90
107,12.221,35.176,90
107,12.021,35.179,90
107,11.821,35.183,90
107,11.621,35.186,90
107,11.421,35.19,90
107,11.221,35.193,90
107,11.021,35.197,90
107,10.821,35.2,90
107,10.621,35.204,90
107,10.421,35.207,90
107,10.221,35.211,90
107,10.022,35.214,90
107,9.822,35.218,90
107,9.622,35.221,90
107,9.422,35.225,90
107,9.222,35.228,90
107,9.022,35.232,90
107,8.822,35.235,90
107,8.622,35.239,90
107,8.422,35.242,90
107,8.222,35.246,90
107,8.022,35.249,90
107,7.822,35.253,90
107,7.622,35.256,90
107,7.422,35.26,90
107,7.222,35.263,90
107,7.022,35.267,90
107,6.822,35.27,90
107,6.622,35.273,90
107,6.422,35.277,90
107,6.222,35.28,90
107,6.022,35.284,90
107,5.822,35.287,90
107,5.622,35.291,90
107,5.422,35.294,90
107,5.222,35.298,90
107,5.022,35.301,90
107,4.822,35.305,90
107,4.622,35.308,90
107,4.422,35.312,90
107,4.222,35.315,90
107,4.022,35.319,90
107,3.822,35.322,90
107,3.622,35.326,90
107,3.423,35.329,90
107,3.223,35.333,90
107,3.023,35.336,90
107,2.823,35.34,90
107,2.623,35.343,90
107,2.423,35.347,90
107,2.223,35.35,90
107,2.023,35.354,90
107,1.823,35.357,90
107,1.623,35.361,90
107,1.423,35.364,90
107,1.223,35.368,90
107,1.023,35.371,90
107,0.823,35.375,90
107,0.623,35.378,90
107,0.423,35.382,90
107,0.223,35.385,90
107,0.023,35.389,90
107,-0.177,35.392,90
107,-0.377,35.396,90
107,-0.577,35.399,90
107,-0.777,35.403,90
107,-0.977,35.406,90
107,-1.177,35.41,90
107,-1.377,35.413,90
107,-1.577,35.417,90
107,-1.777,35.42,90
107,-1.977,35.424,90
107,-2.177,35.427,90
107,-2.377,35.431,90
107,-2.577,35.434,90
107,-2.777,35.438,90
107,-2.977,35.441,90
107,-3.176,35.445,90
107,-3.376,35.448,90
107,-3.576,35.451,90
107,-3.776,35.455,90
107,-3.976,35.458,90
107,-4.176,35.462,90
107,-4.376,35.465,90
107,-4.576,35.469,90
107,-4.776,35.472,90
107,-4.976,35.476,90
107,-5.176,35.479,90
107,-5.376,35.483,90
107,-5.576,35.486,90
107,-5.776,35.49,90
107,-5.976,35.493,90
107,-6.176,35.497,90
107,-6.376,35.5,90
107,-6.576,35.504,90
107,-6.776,35.507,90
107,-6.976,35.511,90
107,-7.176,35.514,90
107,-7.376,35.518,90
107,-7.576,35.521,90
107,-7.776,35.525,90
107,-7.976,35.528,90
107,-8.176,35.532,90
107,-8.376,35.535,90
107,-8.576,35.539,90
107,-8.776,35.542,90
107,-8.976,35.546,90
107,-9.176,35.549,90
107,-9.376,35.553,90
107,-9.576,35.556,90
107,-9.775,35.56,90
107,-9.975,35.563,90
107,-10.175,35.567,90
107,-10.375,35.57,90
107,-10.575,35.574,90
107,-10.775,35.577,90
107,-10.975,35.581,90
107,-11.175,35.584,90
107,-11.375,35.588,90
107,-11.575,35.591,90
107,-11.775,35.595,90
107,-11.975,35.598,90
107,-12.175,35.602,90
107,-12.375,35.605,90
107,-12.575,35.609,90
107,-12.775,35.612,90
107,-12.975,35.616,90
107,-13.175,35.619,90
107,-13.375,35.623,90
107,-13.575,35.626,90
107,-13.775,35.63,90
107,-13.975,35.633,90
107,-14.175,35.636,90
107,-14.375,35.64,90
107,-14.575,35.643,90
107,-14.775,35.647,90
107,-14.975,35.65,90
107,-15.175,35.654,90
107,-15.375,35.657,90
107,-15.575,35.661,90
107,-15.775,35.664,90
107,-15.975,35.668,90
107,-16.175,35.671,90
107,-16.374,35.675,90
107,-16.574,35.678,90
107,-16.774,35.682,90
107,-16.974,35.685,90
107,-17.174,35.689,90
107,-17.374,35.692,90
107,-17.574,35.696,90
107,-17.774,35.699,90
107,-17.974,35.703,90
107,-18.174,35.706,90
107,-18.374,35.71,90
107,-18.574,35.713,90
107,-18.774,35.717,90
107,-18.974,35.72,90
107,-19.174,35.724,90
107,-19.374,35.727,90
107,-19.574,35.731,90
107,-19.774,35.734,90
107,-19.974,35.738,90
107,-20.174,35.741,90
107,-20.374,35.745,90
107,-20.574,35.748,90
107,-20.774,35.752,90
107,-20.974,35.755,90
107,-21.174,35.759,90
107,-21.374,35.762,90
107,-21.574,35.766,90
107,-21.774,35.769,90
107,-21.974,35.773,90
107,-22.174,35.776,90
107,-22.374,35.78,90
107,-22.574,35.783,90
107,-22.773,35.787,90
107,-22.973,35.79,90
107,-23.173,35.794,90
107,-23.373,35.797,90
107,-23.573,35.801,90
107,-23.773,35.804,90
107,-23.973,35.808,90
107,-24.173,35.811,90
107,-24.373,35.815,90
107,-24.573,35.818,90
107,-24.773,35.821,90
107,-24.973,35.825,90
107,-25.173,35.828,90
107,-25.373,35.832,90
107,-25.573,35.835,90
107,-25.773,35.839,90
107,-25.973,35.842,90
107,-26.173,35.846,90
107,-26.373,35.849,90
107,-26.573,35.853,90
107,-26.773,35.856,90
107,-26.973,35.86,90
107,-27.173,35.863,90
107,-27.373,35.867,90
107,-27.573,35.87,90
107,-27.773,35.874,90
107,-27.973,35.877,90
107,-28.173,35.881,90
107,-28.373,35.884,90
107,-28.573,35.888,90
107,-28.773,35.891,90
107,-28.973,35.895,90
107,-29.173,35.898,90
107,-29.372,35.902,90
107,-29.572,35.905,90
107,-29.772,35.909,90
107,-29.972,35.912,90
107,-30.172,35.916,90
107,-30.372,35.919,90
107,-30.572,35.923,90
107,-30.772,35.926,90
107,-30.972,35.93,90
107,-31.172,35.933,90
107,-31.372,35.937,90
107,-31.572,35.94,90
107,-31.772,35.944,90
107,-31.972,35.947,90
107,-32.172,35.951,90
107,-32.372,35.954,90
107,-32.572,35.958,90
107,-32.772,35.961,90
107,-32.972,35.965,90
107,-33.172,35.968,90
107,-33.372,35.972,90
107,-33.572,35.975,90
107,-33.772,35.979,90
107,-33.972,35.982,90
107,-34.172,35.986,90
107,-34.372,35.989,90
107,-34.572,35.993,90
107,-34.772,35.996,90
107,-34.972,35.998,90
107,-35.172,35.997,90
107,-35.372,35.992,90
107,-35.571,35.986,90
107,-35.771,35.979,90
107,-35.971,35.971,90
107,-36.171,35.962,90
107,-36.371,35.952,90
107,-36.57,35.94,90
107,-36.77,35.928,90
107,-36.97,35.915,90
107,-37.169,35.901,90
107,-37.369,35.886,90
107,-37.568,35.87,90
107,-37.767,35.853,90
107,-37.966,35.835,90
107,-38.165,35.816,90
107,-38.364,35.796,90
107,-38.563,35.775,90
107,-38.762,35.753,90
107,-38.961,35.731,90
107,-39.159,35.707,90
107,-39.358,35.682,90
107,-39.556,35.657,90
107,-39.755,35.63,90
107,-39.953,35.603,90
107,-40.151,35.575,90
107,-40.349,35.545,90
107,-40.546,35.515,90
107,-40.744,35.484,90
107,-40.941,35.453,90
107,-41.139,35.42,90
107,-41.336,35.386,90
107,-41.533,35.352,90
107,-41.73,35.317,90
107,-41.926,35.281,90
107,-42.123,35.244,90
107,-42.319,35.206,90
107,-42.516,35.167,90
107,-42.712,35.128,90
107,-42.908,35.088,90
107,-43.103,35.047,90
107,-43.299,35.005,90
107,-43.494,34.962,90
107,-43.69,34.919,90
107,-43.885,34.875,90
107,-44.079,34.83,90
107,-44.274,34.784,90
107,-44.469,34.737,90
107,-44.663,34.69,90
107,-44.857,34.642,90
107,-45.051,34.593,90
107,-45.245,34.544,90
107,-45.438,34.493,90
107,-45.632,34.442,90
107,-45.825,34.39,90
107,-46.018,34.338,90
107,-46.211,34.285,90
107,-46.403,34.231,90
107,-46.596,34.176,90
107,-46.788,34.121,90
107,-46.98,34.065,90
107,-47.172,34.008,90
107,-47.363,33.951,90
107,-47.555,33.893,90
107,-47.746,33.834,90
107,-47.937,33.775,90
107,-48.128,33.715,90
107,-48.318,33.654,90
107,-48.509,33.593,90
107,-48.699,33.531,90
107,-48.889,33.468,90
107,-49.078,33.405,90
107,-49.268,33.341,90
107,-49.457,33.276,90
107,-49.646,33.211,90
107,-49.835,33.146,90
107,-50.024,33.079,90
107,-50.212,33.012,90
107,-50.401,32.945,90
107,-50.589,32.876,90
107,-50.776,32.808,90
107,-50.964,32.738,90
107,-51.151,32.668,90
107,-51.339,32.598,90
107,-51.525,32.527,90
107,-51.712,32.455,90
107,-51.899,32.383,90
107,-52.085,32.31,90
107,-52.271,32.236,90
107,-52.457,32.163,90
107,-52.642,32.088,90
107,-52.828,32.013,90
107,-53.013,31.937,90
107,-53.198,31.861,90
107,-53.383,31.785,90
107,-53.567,31.707,90
107,-53.751,31.63,90
107,-53.936,31.552,90
107,-54.119,31.473,90
107,-54.303,31.394,90
107,-54.486,31.314,90
107,-54.67,31.234,90
107,-54.853,31.153,90
107,-55.035,31.072,90
107,-55.218,30.99,90
107,-55.4,30.907,90
107,-55.582,30.825,90
107,-55.764,30.742,90
107,-55.946,30.658,90
107,-56.127,30.574,90
107,-56.308,30.489,90
107,-56.489,30.404,90
107,-56.67,30.318,90
107,-56.851,30.232,90
107,-57.031,30.146,90
107,-57.211,30.059,90
107,-57.391,29.971,90
107,-57.571,29.883,90
107,-57.75,29.795,90
107,-57.929,29.706,90
107,-58.108,29.617,90
107,-58.287,29.527,90
107,-58.466,29.437,90
107,-58.644,29.347,90
107,-58.822,29.256,90
107,-59,29.165,90
107,-59.178,29.073,90
107,-59.355,28.981,90
107,-59.532,28.888,90
107,-59.709,28.795,90
107,-59.886,28.701,90
107,-60.063,28.608,90
107,-60.239,28.513,90
107,-60.415,28.419,90
107,-60.591,28.324,90
107,-60.767,28.228,90
107,-60.943,28.132,90
107,-61.118,28.036,90
107,-61.293,27.939,90
107,-61.468,27.842,90
107,-61.643,27.745,90
107,-61.817,27.647,90
107,-61.991,27.549,90
107,-62.165,27.451,90
107,-62.339,27.352,90
107,-62.513,27.252,90
107,-62.686,27.153,90
107,-62.86,27.053,90
107,-63.032,26.952,90
107,-63.205,26.852,90
107,-63.378,26.75,90
107,-63.55,26.649,90
107,-63.722,26.547,90
107,-63.894,26.445,90
107,-64.066,26.343,90
107,-64.238,26.24,90
107,-64.409,26.136,90
107,-64.58,26.033,90
107,-64.751,25.929,90
107,-64.922,25.825,90
107,-65.092,25.72,90
107,-65.262,25.615,90
107,-65.432,25.51,90
107,-65.602,25.405,90
107,-65.772,25.299,90
107,-65.941,25.192,90
107,-66.111,25.086,90
107,-66.28,24.979,90
107,-66.449,24.872,90
107,-66.617,24.764,90
107,-66.786,24.657,90
107,-66.954,24.548,90
107,-67.122,24.44,90
107,-67.29,24.331,90
107,-67.457,24.222,90
107,-67.625,24.113,90
107,-67.792,24.003,90
107,-67.959,23.893,90
107,-68.126,23.783,90
107,-68.293,23.672,90
107,-68.459,23.561,90
107,-68.625,23.45,90
107,-68.791,23.339,90
107,-68.957,23.227,90
107,-69.123,23.115,90
107,-69.288,23.002,90
107,-69.454,22.89,90
107,-69.619,22.777,90
107,-69.783,22.664,90
107,-69.948,22.55,90
107,-70.113,22.436,90
107,-70.277,22.322,90
107,-70.441,22.208,90
107,-70.605,22.093,90
107,-70.769,21.978,90
107,-70.932,21.863,90
107,-71.095,21.748,90
107,-71.258,21.632,90
107,-71.421,21.516,90
107,-71.584,21.4,90
107,-71.747,21.283,90
107,-71.909,21.166,90
107,-72.071,21.049,90
107,-72.233,20.932,90
107,-72.395,20.814,90
107,-72.556,20.696,90
107,-72.718,20.578,90
107,-72.879,20.46,90
107,-73.04,20.341,90
107,-73.201,20.222,90
107,-73.361,20.103,90
107,-73.522,19.984,90
107,-73.682,19.864,90
107,-73.842,19.744,90
107,-74.002,19.624,90
107,-74.162,19.503,90
107,-74.321,19.383,90
107,-74.481,19.262,90
107,-74.64,19.141,90
107,-74.799,19.019,90
107,-74.957,18.898,90
107,-75.116,18.776,90
107,-75.274,18.653,90
107,-75.432,18.531,90
107,-75.59,18.408,90
107,-75.748,18.285,90
107,-75.905,18.162,90
107,-76.063,18.039,90
107,-76.22,17.915,90
107,-76.377,17.791,90
107,-76.534,17.667,90
107,-76.69,17.542,90
107,-76.846,17.417,90
107,-77.003,17.292,90
107,-77.159,17.167,90
107,-77.314,17.042,90
107,-77.47,16.916,90
107,-77.625,16.79,90
107,-77.78,16.664,90
107,-77.935,16.537,90
107,-78.09,16.41,90
107,-78.244,16.283,90
107,-78.399,16.156,90
107,-78.553,16.029,90
107,-78.707,15.901,90
107,-78.86,15.773,90
107,-79.014,15.645,90
107,-79.167,15.516,90
107,-79.32,15.388,90
107,-79.473,15.259,90
107,-79.626,15.129,90
107,-79.778,15,90
107,-79.93,14.87,90
107,-80.082,14.74,90
107,-80.234,14.61,90
107,-80.386,14.479,90
107,-80.537,14.349,90
107,-80.688,14.218,90
107,-80.839,14.086,90
107,-80.99,13.955,90
107,-81.14,13.823,90
107,-81.29,13.691,90
107,-81.441,13.559,90
107,-81.59,13.427,90
107,-81.74,13.294,90
107,-81.889,13.161,90
107,-82.039,13.028,90
107,-82.188,12.894,90
107,-82.336,12.761,90
107,-82.485,12.627,90
107,-82.633,12.493,90
107,-82.781,12.358,90
107,-82.929,12.224,90
107,-83.077,12.089,90
107,-83.224,11.954,90
107,-83.372,11.818,90
107,-83.519,11.683,90
107,-83.665,11.547,90
107,-83.812,11.411,90
107,-83.958,11.274,90
107,-84.105,11.138,90
107,-84.25,11.001,90
107,-84.396,10.864,90
107,-84.542,10.727,90
107,-84.687,10.589,90
107,-84.832,10.451,90
107,-84.977,10.313,90
107,-85.121,10.175,90
107,-85.265,10.037,90
107,-85.41,9.898,90
107,-85.553,9.759,90
107,-85.697,9.62,90
107,-85.841,9.481,90
107,-85.984,9.341,90
107,-86.127,9.201,90
107,-86.27,9.061,90
107,-86.412,8.921,90
107,-86.554,8.78,90
107,-86.697,8.64,90
107,-86.838,8.499,90
107,-86.98,8.357,90
107,-87.121,8.216,90
107,-87.263,8.074,90
107,-87.404,7.933,90
107,-87.544,7.79,90
107,-87.685,7.648,90
107,-87.825,7.506,90
107,-87.965,7.363,90
107,-88.105,7.22,90
107,-88.245,7.077,90
107,-88.384,6.933,90
107,-88.523,6.789,90
107,-88.662,6.646,90
107,-88.801,6.501,90
107,-88.939,6.357,90
107,-89.077,6.213,90
107,-89.215,6.068,90
107,-89.353,5.923,90
107,-89.491,5.778,90
107,-89.628,5.632,90
107,-89.765,5.487,90
107,-89.902,5.341,90
107,-90.039,5.195,90
107,-90.175,5.049,90
107,-90.311,4.902,90
107,-90.447,4.755,90
107,-90.583,4.608,90
107,-90.718,4.461,90
107,-90.854,4.314,90
107,-90.989,4.167,90
107,-91.124,4.019,90
107,-91.258,3.871,90
107,-91.393,3.723,90
107,-91.527,3.574,90
107,-91.661,3.426,90
107,-91.794,3.277,90
107,-91.928,3.128,90
107,-92.061,2.979,90
107,-92.194,2.83,90
107,-92.327,2.68,90
107,-92.46,2.53,90
107,-92.592,2.38,90
107,-92.724,2.23,90
107,-92.856,2.08,90
107,-92.988,1.929,90
107,-93.119,1.779,90
107,-93.25,1.628,90
107,-93.381,1.477,90
107,-93.512,1.325,90
107,-93.643,1.174,90
107,-93.773,1.022,90
107,-93.903,0.87,90
107,-94.033,0.718,90
107,-94.163,0.566,90
107,-94.292,0.414,90
107,-94.421,0.261,90
107,-94.55,0.108,90
107,-94.679,-0.045,90
107,-94.808,-0.198,90
107,-94.936,-0.352,90
107,-95.064,-0.505,90
107,-95.192,-0.659,90
107,-95.32,-0.813,90
107,-95.447,-0.967,90
107,-95.575,-1.121,90
107,-95.702,-1.276,90
107,-95.828,-1.43,90
107,-95.955,-1.585,90
107,-96.081,-1.74,90
107,-96.208,-1.895,90
107,-96.334,-2.051,90
107,-96.459,-2.206,90
107,-96.585,-2.362,90
107,-96.71,-2.518,90
107,-96.835,-2.674,90
107,-96.96,-2.83,90
107,-97.085,-2.986,90
107,-97.21,-3.143,90
107,-97.334,-3.299,90
107,-97.458,-3.456,90
107,-97.582,-3.613,90
107,-97.705,-3.771,90
107,-97.829,-3.928,90
107,-97.952,-4.085,90
107,-98.075,-4.243,90
107,-98.198,-4.401,90
107,-98.32,-4.559,90
107,-98.443,-4.717,90
107,-98.565,-4.875,90
107,-98.687,-5.034,90
107,-98.809,-5.193,90
107,-98.93,-5.351,90
107,-99.052,-5.51,90
107,-99.173,-5.669,90
107,-99.294,-5.829,90
107,-99.415,-5.988,90
107,-99.535,-6.148,90
107,-99.656,-6.307,90
107,-99.776,-6.467,90
107,-99.896,-6.627,90
107,-100.016,-6.787,90
107,-100.135,-6.948,90
107,-100.255,-7.108,90
107,-100.374,-7.269,90
107,-100.493,-7.429,90
107,-100.612,-7.59,90
107,-100.73,-7.751,90
107,-100.849,-7.913,90
107,-100.967,-8.074,90
107,-101.085,-8.235,90
107,-101.203,-8.397,90
107,-101.321,-8.559,90
107,-101.438,-8.72,90
107,-101.555,-8.882,90
107,-101.673,-9.045,90
107,-101.789,-9.207,90
107,-101.906,-9.369,90
107,-102.023,-9.532,90
107,-102.139,-9.694,90
107,-102.255,-9.857,90
107,-102.371,-10.02,90
107,-102.487,-10.183,90
107,-102.603,-10.346,90
107,-102.718,-10.51,90
107,-102.833,-10.673,90
107,-102.948,-10.837,90
107,-103.063,-11,90
107,-103.178,-11.164,90
107,-103.292,-11.328,90
107,-103.407,-11.492,90
107,-103.521,-11.657,90
107,-103.635,-11.821,90
107,-103.748,-11.986,90
107,-103.862,-12.15,90
107,-103.975,-12.315,90
107,-104.088,-12.48,90
107,-104.201,-12.645,90
107,-104.314,-12.811,90
107,-104.426,-12.976,90
107,-104.539,-13.141,90
107,-104.651,-13.307,90
107,-104.762,-13.473,90
107,-104.874,-13.639,90
107,-104.986,-13.805,90
107,-105.097,-13.971,90
107,-105.208,-14.137,90
107,-105.319,-14.304,90
107,-105.429,-14.471,90
107,-105.54,-14.637,90
107,-105.65,-14.804,90
107,-105.76,-14.971,90
107,-105.869,-15.139,90
107,-105.979,-15.306,90
107,-106.088,-15.473,90
107,-106.197,-15.641,90
107,-106.306,-15.809,90
107,-106.415,-15.977,90
107,-106.523,-16.145,90
107,-106.631,-16.313,90
107,-106.739,-16.481,90
107,-106.847,-16.65,90
107,-106.955,-16.819,90
107,-107.062,-16.987,90
107,-107.169,-17.156,90
107,-107.276,-17.325,90
107,-107.382,-17.495,90
107,-107.489,-17.664,90
107,-107.595,-17.833,90
107,-107.701,-18.003,90
107,-107.806,-18.173,90
107,-107.912,-18.343,90
107,-108.017,-18.513,90
107,-108.122,-18.683,90
107,-108.227,-18.854,90
107,-108.331,-19.024,90
107,-108.435,-19.195,90
107,-108.539,-19.366,90
107,-108.643,-19.537,90
107,-108.747,-19.708,90
107,-108.85,-19.879,90
107,-108.953,-20.051,90
107,-109.056,-20.222,90
107,-109.158,-20.394,90
107,-109.26,-20.566,90
107,-109.362,-20.738,90
107,-109.464,-20.91,90
107,-109.566,-21.082,90
107,-109.667,-21.255,90
107,-109.768,-21.427,90
107,-109.869,-21.6,90
107,-109.969,-21.773,90
107,-110.069,-21.946,90
107,-110.169,-22.119,90
107,-110.269,-22.293,90
107,-110.369,-22.466,90
107,-110.468,-22.64,90
107,-110.567,-22.814,90
107,-110.665,-22.988,90
107,-110.764,-23.162,90
107,-110.862,-23.336,90
107,-110.96,-23.51,90
107,-111.057,-23.685,90
107,-111.155,-23.86,90
107,-111.252,-24.035,90
107,-111.349,-24.21,90
107,-111.445,-24.385,90
107,-111.542,-24.56,90
107,-111.638,-24.736,90
107,-111.733,-24.911,90
107,-111.829,-25.087,90
107,-111.924,-25.263,90
107,-112.019,-25.439,90
107,-112.113,-25.615,90
107,-112.208,-25.791,90
107,-112.302,-25.968,90
107,-112.396,-26.145,90
107,-112.489,-26.321,90
107,-112.582,-26.498,90
107,-112.675,-26.675,90
107,-112.768,-26.853,90
107,-112.86,-27.03,90
107,-112.952,-27.208,90
107,-113.044,-27.385,90
107,-113.136,-27.563,90
107,-113.227,-27.741,90
107,-113.318,-27.919,90
107,-113.408,-28.098,90
107,-113.499,-28.276,90
107,-113.589,-28.455,90
107,-113.679,-28.633,90
107,-113.768,-28.812,90
107,-113.857,-28.991,90
107,-113.946,-29.17,90
107,-114.035,-29.35,90
107,-114.123,-29.529,90
107,-114.211,-29.709,90
107,-114.299,-29.888,90
107,-114.386,-30.068,90
107,-114.473,-30.248,90
107,-114.56,-30.429,90
107,-114.646,-30.609,90
107,-114.732,-30.789,90
107,-114.818,-30.97,90
107,-114.904,-31.151,90
107,-114.989,-31.332,90
107,-115.074,-31.513,90
107,-115.159,-31.694,90
107,-115.243,-31.875,90
107,-115.327,-32.057,90
107,-115.411,-32.238,90
107,-115.494,-32.42,90
107,-115.577,-32.602,90
107,-115.66,-32.784,90
107,-115.743,-32.966,90
107,-115.825,-33.149,90
107,-115.907,-33.331,90
107,-115.988,-33.514,90
107,-116.069,-33.697,90
107,-116.15,-33.88,90
107,-116.231,-34.063,90
107,-116.311,-34.246,90
107,-116.391,-34.429,90
107,-116.47,-34.613,90
107,-116.55,-34.796,90
107,-116.629,-34.98,90
107,-116.707,-35.164,90
107,-116.786,-35.348,90
107,-116.864,-35.532,90
107,-116.941,-35.716,90
107,-117.019,-35.901,90
107,-117.096,-36.085,90
107,-117.172,-36.27,90
107,-117.249,-36.455,90
107,-117.325,-36.64,90
107,-117.4,-36.825,90
107,-117.476,-37.01,90
107,-117.551,-37.196,90
107,-117.625,-37.381,90
107,-117.7,-37.567,90
107,-117.774,-37.753,90
107,-117.847,-37.939,90
107,-117.921,-38.125,90
107,-117.994,-38.311,90
107,-118.066,-38.497,90
107,-118.139,-38.684,90
107,-118.211,-38.87,90
107,-118.282,-39.057,90
107,-118.354,-39.244,90
107,-118.425,-39.431,90
107,-118.495,-39.618,90
107,-118.566,-39.805,90
107,-118.636,-39.993,90
107,-118.705,-40.18,90
107,-118.775,-40.368,90
107,-118.844,-40.556,90
107,-118.912,-40.743,90
107,-118.98,-40.931,90
107,-119.048,-41.12,90
107,-119.116,-41.308,90
107,-119.183,-41.496,90
107,-119.25,-41.685,90
107,-119.316,-41.873,90
107,-119.383,-42.062,90
107,-119.448,-42.251,90
107,-119.514,-42.44,90
107,-119.579,-42.629,90
107,-119.644,-42.818,90
107,-119.708,-43.008,90
107,-119.772,-43.197,90
107,-119.836,-43.387,90
107,-119.899,-43.576,90
107,-119.962,-43.766,90
107,-120.025,-43.956,90
107,-120.087,-44.146,90
107,-120.149,-44.336,90
107,-120.211,-44.527,90
107,-120.272,-44.717,90
107,-120.333,-44.907,90
107,-120.393,-45.098,90
107,-120.453,-45.289,90
107,-120.513,-45.48,90
107,-120.573,-45.671,90
107,-120.632,-45.862,90
107,-120.69,-46.053,90
107,-120.749,-46.244,90
107,-120.807,-46.436,90
107,-120.864,-46.627,90
107,-120.922,-46.819,90
107,-120.979,-47.01,90
107,-121.035,-47.202,90
107,-121.091,-47.394,90
107,-121.147,-47.586,90
107,-121.203,-47.778,90
107,-121.258,-47.971,90
107,-121.313,-48.163,90
107,-121.367,-48.355,90
107,-121.421,-48.548,90
107,-121.475,-48.741,90
107,-121.528,-48.933,90
107,-121.581,-49.126,90
107,-121.633,-49.319,90
107,-121.686,-49.512,90
107,-121.737,-49.706,90
107,-121.789,-49.899,90
107,-121.84,-50.092,90
107,-121.891,-50.286,90
107,-121.941,-50.479,90
107,-121.991,-50.673,90
107,-122.041,-50.867,90
107,-122.09,-51.06,90
107,-122.139,-51.254,90
107,-122.188,-51.448,90
107,-122.236,-51.642,90
107,-122.283,-51.837,90
107,-122.331,-52.031,90
107,-122.378,-52.225,90
107,-122.425,-52.42,90
107,-122.471,-52.614,90
107,-122.517,-52.809,90
107,-122.563,-53.004,90
107,-122.608,-53.199,90
107,-122.653,-53.394,90
107,-122.697,-53.588,90
107,-122.741,-53.784,90
107,-122.785,-53.979,90
107,-122.828,-54.174,90
107,-122.871,-54.369,90
107,-122.914,-54.565,90
107,-122.956,-54.76,90
107,-122.998,-54.956,90
107,-123.04,-55.151,90
107,-123.081,-55.347,90
107,-123.121,-55.543,90
107,-123.162,-55.739,90
107,-123.202,-55.935,90
107,-123.242,-56.131,90
107,-123.281,-56.327,90
107,-123.32,-56.523,90
107,-123.358,-56.719,90
107,-123.397,-56.916,90
107,-123.434,-57.112,90
107,-123.472,-57.308,90
107,-123.509,-57.505,90
107,-123.546,-57.702,90
107,-123.582,-57.898,90
107,-123.618,-58.095,90
107,-123.653,-58.292,90
107,-123.689,-58.489,90
107,-123.724,-58.686,90
107,-123.758,-58.883,90
107,-123.792,-59.08,90
107,-123.826,-59.277,90
107,-123.859,-59.474,90
107,-123.892,-59.671,90
107,-123.925,-59.869,90
107,-123.957,-60.066,90
107,-123.989,-60.263,90
107,-124.02,-60.461,90
107,-124.052,-60.659,90
107,-124.082,-60.856,90
107,-124.113,-61.054,90
107,-124.143,-61.252,90
107,-124.173,-61.449,90
107,-124.202,-61.647,90
107,-124.231,-61.845,90
107,-124.259,-62.043,90
107,-124.288,-62.241,90
107,-124.315,-62.439,90
107,-124.343,-62.637,90
107,-124.37,-62.835,90
107,-124.397,-63.034,90
107,-124.423,-63.232,90
107,-124.449,-63.43,90
107,-124.475,-63.628,90
107,-124.5,-63.827,90
107,-124.525,-64.025,90
107,-124.549,-64.224,90
107,-124.573,-64.422,90
107,-124.597,-64.621,90
107,-124.621,-64.82,90
107,-124.644,-65.018,90
107,-124.666,-65.217,90
107,-124.689,-65.416,90
107,-124.711,-65.614,90
107,-124.732,-65.813,90
107,-124.754,-66.012,90
107,-124.774,-66.211,90
107,-124.795,-66.41,90
107,-124.815,-66.609,90
107,-124.835,-66.808,90
107,-124.854,-67.007,90
107,-124.873,-67.206,90
107,-124.892,-67.405,90
107,-124.911,-67.604,90
107,-124.929,-67.804,90
107,-124.946,-68.003,90
107,-124.963,-68.202,90
107,-124.98,-68.401,90
107,-124.997,-68.601,90
107,-125.013,-68.8,90
107,-125.029,-68.999,90
107,-125.044,-69.199,90
107,-125.059,-69.398,90
107,-125.074,-69.598,90
107,-125.089,-69.797,90
107,-125.103,-69.997,90
107,-125.116,-70.196,90
107,-125.13,-70.396,90
107,-125.143,-70.595,90
107,-125.155,-70.795,90
107,-125.168,-70.995,90
107,-125.18,-71.194,90
107,-125.191,-71.394,90
107,-125.202,-71.594,90
107,-125.213,-71.793,90
107,-125.224,-71.993,90
107,-125.234,-72.193,90
107,-125.244,-72.392,90
107,-125.253,-72.592,90
107,-125.262,-72.792,90
107,-125.271,-72.992,90
107,-125.279,-73.192,90
107,-125.287,-73.392,90
107,-125.295,-73.591,90
107,-125.302,-73.791,90
107,-125.309,-73.991,90
107,-125.316,-74.191,90
107,-125.322,-74.391,90
107,-125.328,-74.591,90
107,-125.334,-74.791,90
107,-125.339,-74.991,90
107,-125.344,-75.191,90
107,-125.349,-75.391,90
107,-125.353,-75.59,90
107,-125.357,-75.79,90
107,-125.361,-75.99,90
107,-125.364,-76.19,90
107,-125.367,-76.39,90
107,-125.369,-76.59,90
107,-125.372,-76.79,90
107,-125.373,-76.99,90
107,-125.375,-77.19,90
107,-125.376,-77.39,90
107,-125.377,-77.59,90
107,-125.378,-77.79,90
107,-125.378,-77.99,90
