X,Y,Z,C
107,-125.378,150,90
107,-125.378,149.8,90
107,-125.377,149.6,90
107,-125.376,149.4,90
107,-125.375,149.2,90
107,-125.373,149,90
107,-125.372,148.8,90
107,-125.369,148.6,90
107,-125.367,148.4,90
107,-125.364,148.2,90
107,-125.361,148,90
107,-125.357,147.8,90
107,-125.353,147.6,90
107,-125.349,147.4,90
107,-125.345,147.2,90
107,-125.34,147,90
107,-125.334,146.8,90
107,-125.329,146.6,90
107,-125.323,146.401,90
107,-125.316,146.201,90
107,-125.31,146.001,90
107,-125.303,145.801,90
107,-125.295,145.601,90
107,-125.288,145.401,90
107,-125.28,145.201,90
107,-125.271,145.002,90
107,-125.263,144.802,90
107,-125.254,144.602,90
107,-125.244,144.402,90
107,-125.234,144.202,90
107,-125.224,144.003,90
107,-125.214,143.803,90
107,-125.203,143.603,90
107,-125.192,143.404,90
107,-125.18,143.204,90
107,-125.168,143.004,90
107,-125.156,142.805,90
107,-125.143,142.605,90
107,-125.13,142.405,90
107,-125.117,142.206,90
107,-125.103,142.006,90
107,-125.089,141.807,90
107,-125.075,141.607,90
107,-125.06,141.408,90
107,-125.045,141.208,90
107,-125.03,141.009,90
107,-125.014,140.81,90
107,-124.998,140.61,90
107,-124.981,140.411,90
107,-124.964,140.212,90
107,-124.947,140.012,90
107,-124.929,139.813,90
107,-124.911,139.614,90
107,-124.893,139.415,90
107,-124.874,139.216,90
107,-124.855,139.017,90
107,-124.836,138.818,90
107,-124.816,138.619,90
107,-124.796,138.42,90
107,-124.775,138.221,90
107,-124.755,138.022,90
107,-124.733,137.823,90
107,-124.712,137.624,90
107,-124.69,137.425,90
107,-124.668,137.227,90
107,-124.645,137.028,90
107,-124.622,136.829,90
107,-124.598,136.631,90
107,-124.575,136.432,90
107,-124.55,136.233,90
107,-124.526,136.035,90
107,-124.501,135.836,90
107,-124.476,135.638,90
107,-124.45,135.44,90
107,-124.424,135.241,90
107,-124.398,135.043,90
107,-124.371,134.845,90
107,-124.344,134.647,90
107,-124.317,134.449,90
107,-124.289,134.251,90
107,-124.261,134.053,90
107,-124.232,133.855,90
107,-124.203,133.657,90
107,-124.174,133.459,90
107,-124.144,133.261,90
107,-124.114,133.063,90
107,-124.084,132.866,90
107,-124.053,132.668,90
107,-124.022,132.471,90
107,-123.991,132.273,90
107,-123.959,132.076,90
107,-123.926,131.878,90
107,-123.894,131.681,90
107,-123.861,131.484,90
107,-123.827,131.286,90
107,-123.794,131.089,90
107,-123.76,130.892,90
107,-123.725,130.695,90
107,-123.69,130.498,90
107,-123.655,130.301,90
107,-123.62,130.105,90
107,-123.584,129.908,90
107,-123.547,129.711,90
107,-123.511,129.515,90
107,-123.474,129.318,90
107,-123.436,129.122,90
107,-123.398,128.925,90
107,-123.36,128.729,90
107,-123.322,128.533,90
107,-123.283,128.336,90
107,-123.244,128.14,90
107,-123.204,127.944,90
107,-123.164,127.748,90
107,-123.123,127.552,90
107,-123.083,127.357,90
107,-123.042,127.161,90
107,-123,126.965,90
107,-122.958,126.77,90
107,-122.916,126.574,90
107,-122.873,126.379,90
107,-122.83,126.183,90
107,-122.787,125.988,90
107,-122.743,125.793,90
107,-122.699,125.598,90
107,-122.655,125.403,90
107,-122.61,125.208,90
107,-122.565,125.013,90
107,-122.519,124.818,90
107,-122.473,124.624,90
107,-122.427,124.429,90
107,-122.38,124.235,90
107,-122.333,124.04,90
107,-122.286,123.846,90
107,-122.238,123.652,90
107,-122.19,123.458,90
107,-122.141,123.264,90
107,-122.092,123.07,90
107,-122.043,122.876,90
107,-121.994,122.682,90
107,-121.944,122.489,90
107,-121.893,122.295,90
107,-121.843,122.102,90
107,-121.791,121.908,90
107,-121.74,121.715,90
107,-121.688,121.522,90
107,-121.636,121.329,90
107,-121.583,121.136,90
107,-121.531,120.943,90
107,-121.477,120.75,90
107,-121.424,120.557,90
107,-121.37,120.365,90
107,-121.315,120.172,90
107,-121.261,119.98,90
107,-121.205,119.788,90
107,-121.15,119.596,90
107,-121.094,119.403,90
107,-121.038,119.212,90
107,-120.981,119.02,90
107,-120.925,118.828,90
107,-120.867,118.636,90
107,-120.81,118.445,90
107,-120.752,118.253,90
107,-120.693,118.062,90
107,-120.635,117.871,90
107,-120.576,117.68,90
107,-120.516,117.489,90
107,-120.456,117.298,90
107,-120.396,117.107,90
107,-120.336,116.917,90
107,-120.275,116.726,90
107,-120.214,116.536,90
107,-120.152,116.345,90
107,-120.09,116.155,90
107,-120.028,115.965,90
107,-119.965,115.775,90
107,-119.902,115.585,90
107,-119.839,115.396,90
107,-119.775,115.206,90
107,-119.711,115.017,90
107,-119.647,114.827,90
107,-119.582,114.638,90
107,-119.517,114.449,90
107,-119.452,114.26,90
107,-119.386,114.071,90
107,-119.32,113.882,90
107,-119.253,113.694,90
107,-119.186,113.505,90
107,-119.119,113.317,90
107,-119.052,113.129,90
107,-118.984,112.94,90
107,-118.915,112.752,90
107,-118.847,112.565,90
107,-118.778,112.377,90
107,-118.709,112.189,90
107,-118.639,112.002,90
107,-118.569,111.814,90
107,-118.499,111.627,90
107,-118.428,111.44,90
107,-118.357,111.253,90
107,-118.286,111.066,90
107,-118.214,110.879,90
107,-118.142,110.693,90
107,-118.07,110.506,90
107,-117.997,110.32,90
107,-117.924,110.134,90
107,-117.851,109.948,90
107,-117.777,109.762,90
107,-117.703,109.576,90
107,-117.629,109.39,90
107,-117.554,109.205,90
107,-117.479,109.019,90
107,-117.404,108.834,90
107,-117.328,108.649,90
107,-117.252,108.464,90
107,-117.176,108.279,90
107,-117.099,108.094,90
107,-117.022,107.91,90
107,-116.945,107.725,90
107,-116.867,107.541,90
107,-116.789,107.357,90
107,-116.711,107.173,90
107,-116.633,106.989,90
107,-116.554,106.805,90
107,-116.474,106.622,90
107,-116.395,106.438,90
107,-116.315,106.255,90
107,-116.235,106.072,90
107,-116.154,105.888,90
107,-116.073,105.706,90
107,-115.992,105.523,90
107,-115.911,105.34,90
107,-115.829,105.158,90
107,-115.747,104.975,90
107,-115.664,104.793,90
107,-115.581,104.611,90
107,-115.498,104.429,90
107,-115.415,104.247,90
107,-115.331,104.066,90
107,-115.247,103.884,90
107,-115.163,103.703,90
107,-115.078,103.522,90
107,-114.993,103.34,90
107,-114.908,103.16,90
107,-114.823,102.979,90
107,-114.737,102.798,90
107,-114.65,102.618,90
107,-114.564,102.437,90
107,-114.477,102.257,90
107,-114.39,102.077,90
107,-114.303,101.897,90
107,-114.215,101.717,90
107,-114.127,101.538,90
107,-114.039,101.358,90
107,-113.95,101.179,90
107,-113.861,101,90
107,-113.772,100.821,90
107,-113.683,100.642,90
107,-113.593,100.463,90
107,-113.503,100.285,90
107,-113.413,100.106,90
107,-113.322,99.928,90
107,-113.231,99.75,90
107,-113.14,99.572,90
107,-113.049,99.394,90
107,-112.957,99.216,90
107,-112.865,99.039,90
107,-112.772,98.861,90
107,-112.68,98.684,90
107,-112.587,98.507,90
107,-112.494,98.33,90
107,-112.4,98.153,90
107,-112.306,97.976,90
107,-112.212,97.8,90
107,-112.118,97.624,90
107,-112.023,97.447,90
107,-111.928,97.271,90
107,-111.833,97.095,90
107,-111.738,96.92,90
107,-111.642,96.744,90
107,-111.546,96.569,90
107,-111.45,96.393,90
107,-111.353,96.218,90
107,-111.257,96.043,90
107,-111.16,95.868,90
107,-111.062,95.693,90
107,-110.965,95.519,90
107,-110.867,95.344,90
107,-110.769,95.17,90
107,-110.67,94.996,90
107,-110.572,94.822,90
107,-110.473,94.648,90
107,-110.373,94.475,90
107,-110.274,94.301,90
107,-110.174,94.128,90
107,-110.074,93.955,90
107,-109.974,93.781,90
107,-109.874,93.609,90
107,-109.773,93.436,90
107,-109.672,93.263,90
107,-109.571,93.091,90
107,-109.469,92.918,90
107,-109.367,92.746,90
107,-109.265,92.574,90
107,-109.163,92.402,90
107,-109.061,92.23,90
107,-108.958,92.059,90
107,-108.855,91.887,90
107,-108.752,91.716,90
107,-108.648,91.545,90
107,-108.544,91.374,90
107,-108.44,91.203,90
107,-108.336,91.032,90
107,-108.232,90.862,90
107,-108.127,90.692,90
107,-108.022,90.521,90
107,-107.917,90.351,90
107,-107.811,90.181,90
107,-107.706,90.011,90
107,-107.6,89.842,90
107,-107.494,89.672,90
107,-107.388,89.503,90
107,-107.281,89.334,90
107,-107.174,89.164,90
107,-107.067,88.995,90
107,-106.96,88.827,90
107,-106.852,88.658,90
107,-106.745,88.49,90
107,-106.637,88.321,90
107,-106.528,88.153,90
107,-106.42,87.985,90
107,-106.311,87.817,90
107,-106.203,87.649,90
107,-106.094,87.482,90
107,-105.984,87.314,90
107,-105.875,87.147,90
107,-105.765,86.979,90
107,-105.655,86.812,90
107,-105.545,86.645,90
107,-105.435,86.479,90
107,-105.324,86.312,90
107,-105.213,86.146,90
107,-105.102,85.979,90
107,-104.991,85.813,90
107,-104.879,85.647,90
107,-104.768,85.481,90
107,-104.656,85.315,90
107,-104.544,85.149,90
107,-104.432,84.984,90
107,-104.319,84.819,90
107,-104.207,84.653,90
107,-104.094,84.488,90
107,-103.981,84.323,90
107,-103.867,84.158,90
107,-103.754,83.994,90
107,-103.64,83.829,90
107,-103.526,83.665,90
107,-103.412,83.5,90
107,-103.298,83.336,90
107,-103.183,83.172,90
107,-103.069,83.008,90
107,-102.954,82.845,90
107,-102.839,82.681,90
107,-102.724,82.518,90
107,-102.608,82.354,90
107,-102.493,82.191,90
107,-102.377,82.028,90
107,-102.261,81.865,90
107,-102.145,81.702,90
107,-102.028,81.54,90
107,-101.912,81.377,90
107,-101.795,81.215,90
107,-101.678,81.052,90
107,-101.561,80.89,90
107,-101.444,80.728,90
107,-101.326,80.566,90
107,-101.209,80.405,90
107,-101.091,80.243,90
107,-100.973,80.082,90
107,-100.855,79.92,90
107,-100.736,79.759,90
107,-100.618,79.598,90
107,-100.499,79.437,90
107,-100.38,79.276,90
107,-100.261,79.116,90
107,-100.141,78.955,90
107,-100.022,78.795,90
107,-99.902,78.635,90
107,-99.782,78.475,90
107,-99.662,78.315,90
107,-99.541,78.155,90
107,-99.421,77.996,90
107,-99.3,77.836,90
107,-99.179,77.677,90
107,-99.058,77.518,90
107,-98.936,77.359,90
107,-98.815,77.2,90
107,-98.693,77.042,90
107,-98.571,76.883,90
107,-98.449,76.725,90
107,-98.326,76.567,90
107,-98.204,76.409,90
107,-98.081,76.251,90
107,-97.958,76.093,90
107,-97.835,75.936,90
107,-97.711,75.778,90
107,-97.588,75.621,90
107,-97.464,75.464,90
107,-97.34,75.307,90
107,-97.216,75.15,90
107,-97.091,74.994,90
107,-96.966,74.837,90
107,-96.841,74.681,90
107,-96.716,74.525,90
107,-96.591,74.369,90
107,-96.465,74.214,90
107,-96.34,74.058,90
107,-96.214,73.903,90
107,-96.088,73.748,90
107,-95.961,73.593,90
107,-95.835,73.438,90
107,-95.708,73.283,90
107,-95.581,73.129,90
107,-95.453,72.974,90
107,-95.326,72.82,90
107,-95.198,72.666,90
107,-95.07,72.513,90
107,-94.942,72.359,90
107,-94.814,72.206,90
107,-94.685,72.052,90
107,-94.557,71.899,90
107,-94.428,71.746,90
107,-94.298,71.594,90
107,-94.169,71.441,90
107,-94.039,71.289,90
107,-93.909,71.137,90
107,-93.779,70.985,90
107,-93.649,70.833,90
107,-93.518,70.682,90
107,-93.388,70.531,90
107,-93.257,70.379,90
107,-93.125,70.229,90
107,-92.994,70.078,90
107,-92.862,69.927,90
107,-92.73,69.777,90
107,-92.598,69.627,90
107,-92.466,69.477,90
107,-92.333,69.327,90
107,-92.201,69.177,90
107,-92.068,69.028,90
107,-91.934,68.879,90
107,-91.801,68.73,90
107,-91.667,68.581,90
107,-91.533,68.433,90
107,-91.399,68.284,90
107,-91.265,68.136,90
107,-91.13,67.988,90
107,-90.995,67.841,90
107,-90.86,67.693,90
107,-90.725,67.546,90
107,-90.59,67.399,90
107,-90.454,67.252,90
107,-90.318,67.105,90
107,-90.182,66.959,90
107,-90.045,66.812,90
107,-89.909,66.666,90
107,-89.772,66.52,90
107,-89.635,66.375,90
107,-89.497,66.229,90
107,-89.36,66.084,90
107,-89.222,65.939,90
107,-89.084,65.794,90
107,-88.946,65.65,90
107,-88.807,65.506,90
107,-88.669,65.361,90
107,-88.53,65.218,90
107,-88.391,65.074,90
107,-88.251,64.93,90
107,-88.112,64.787,90
107,-87.972,64.644,90
107,-87.832,64.501,90
107,-87.692,64.359,90
107,-87.551,64.216,90
107,-87.41,64.074,90
107,-87.269,63.932,90
107,-87.128,63.791,90
107,-86.987,63.649,90
107,-86.845,63.508,90
107,-86.703,63.367,90
107,-86.561,63.226,90
107,-86.419,63.086,90
107,-86.276,62.946,90
107,-86.134,62.805,90
107,-85.991,62.666,90
107,-85.848,62.526,90
107,-85.704,62.387,90
107,-85.56,62.247,90
107,-85.417,62.109,90
107,-85.272,61.97,90
107,-85.128,61.831,90
107,-84.984,61.693,90
107,-84.839,61.555,90
107,-84.694,61.417,90
107,-84.549,61.28,90
107,-84.403,61.143,90
107,-84.257,61.006,90
107,-84.112,60.869,90
107,-83.965,60.732,90
107,-83.819,60.596,90
107,-83.673,60.46,90
107,-83.526,60.324,90
107,-83.379,60.188,90
107,-83.232,60.053,90
107,-83.084,59.918,90
107,-82.936,59.783,90
107,-82.789,59.648,90
107,-82.64,59.514,90
107,-82.492,59.38,90
107,-82.344,59.246,90
107,-82.195,59.112,90
107,-82.046,58.979,90
107,-81.897,58.845,90
107,-81.747,58.713,90
107,-81.598,58.58,90
107,-81.448,58.447,90
107,-81.298,58.315,90
107,-81.147,58.183,90
107,-80.997,58.051,90
107,-80.846,57.92,90
107,-80.695,57.789,90
107,-80.544,57.658,90
107,-80.393,57.527,90
107,-80.241,57.396,90
107,-80.09,57.266,90
107,-79.938,57.136,90
107,-79.785,57.006,90
107,-79.633,56.877,90
107,-79.48,56.748,90
107,-79.327,56.619,90
107,-79.174,56.49,90
107,-79.021,56.361,90
107,-78.868,56.233,90
107,-78.714,56.105,90
107,-78.56,55.977,90
107,-78.406,55.85,90
107,-78.252,55.723,90
107,-78.097,55.596,90
107,-77.943,55.469,90
107,-77.788,55.342,90
107,-77.633,55.216,90
107,-77.477,55.09,90
107,-77.322,54.964,90
107,-77.166,54.839,90
107,-77.01,54.714,90
107,-76.854,54.589,90
107,-76.698,54.464,90
107,-76.541,54.339,90
107,-76.384,54.215,90
107,-76.227,54.091,90
107,-76.07,53.967,90
107,-75.913,53.844,90
107,-75.755,53.721,90
107,-75.598,53.598,90
107,-75.44,53.475,90
107,-75.282,53.353,90
107,-75.123,53.23,90
107,-74.965,53.108,90
107,-74.806,52.987,90
107,-74.647,52.865,90
107,-74.488,52.744,90
107,-74.329,52.623,90
107,-74.169,52.502,90
107,-74.01,52.382,90
107,-73.85,52.262,90
107,-73.69,52.142,90
107,-73.53,52.022,90
107,-73.369,51.903,90
107,-73.209,51.784,90
107,-73.048,51.665,90
107,-72.887,51.546,90
107,-72.726,51.428,90
107,-72.564,51.309,90
107,-72.403,51.191,90
107,-72.241,51.074,90
107,-72.079,50.957,90
107,-71.917,50.839,90
107,-71.754,50.723,90
107,-71.592,50.606,90
107,-71.429,50.49,90
107,-71.266,50.374,90
107,-71.103,50.258,90
107,-70.94,50.143,90
107,-70.776,50.027,90
107,-70.613,49.912,90
107,-70.449,49.798,90
107,-70.285,49.683,90
107,-70.121,49.569,90
107,-69.956,49.455,90
107,-69.791,49.342,90
107,-69.627,49.229,90
107,-69.462,49.116,90
107,-69.296,49.003,90
107,-69.131,48.891,90
107,-68.965,48.779,90
107,-68.799,48.667,90
107,-68.633,48.555,90
107,-68.467,48.444,90
107,-68.301,48.333,90
107,-68.134,48.223,90
107,-67.967,48.112,90
107,-67.8,48.002,90
107,-67.633,47.893,90
107,-67.466,47.783,90
107,-67.298,47.674,90
107,-67.13,47.565,90
107,-66.962,47.457,90
107,-66.794,47.349,90
107,-66.625,47.241,90
107,-66.457,47.133,90
107,-66.288,47.026,90
107,-66.119,46.919,90
107,-65.95,46.813,90
107,-65.78,46.706,90
107,-65.61,46.601,90
107,-65.441,46.495,90
107,-65.271,46.39,90
107,-65.1,46.285,90
107,-64.93,46.18,90
107,-64.759,46.076,90
107,-64.588,45.972,90
107,-64.417,45.869,90
107,-64.246,45.765,90
107,-64.074,45.662,90
107,-63.903,45.56,90
107,-63.731,45.458,90
107,-63.559,45.356,90
107,-63.386,45.254,90
107,-63.214,45.153,90
107,-63.041,45.053,90
107,-62.868,44.952,90
107,-62.695,44.852,90
107,-62.521,44.752,90
107,-62.348,44.653,90
107,-62.174,44.554,90
107,-62,44.456,90
107,-61.826,44.357,90
107,-61.651,44.26,90
107,-61.476,44.162,90
107,-61.302,44.065,90
107,-61.126,43.969,90
107,-60.951,43.872,90
107,-60.776,43.776,90
107,-60.6,43.681,90
107,-60.424,43.586,90
107,-60.248,43.491,90
107,-60.071,43.397,90
107,-59.895,43.303,90
107,-59.718,43.21,90
107,-59.541,43.117,90
107,-59.364,43.024,90
107,-59.186,42.932,90
107,-59.009,42.84,90
107,-58.831,42.748,90
107,-58.653,42.658,90
107,-58.474,42.567,90
107,-58.296,42.477,90
107,-58.117,42.387,90
107,-57.938,42.298,90
107,-57.759,42.209,90
107,-57.579,42.121,90
107,-57.4,42.033,90
107,-57.22,41.946,90
107,-57.04,41.859,90
107,-56.859,41.772,90
107,-56.679,41.686,90
107,-56.498,41.6,90
107,-56.317,41.515,90
107,-56.136,41.43,90
107,-55.954,41.346,90
107,-55.773,41.263,90
107,-55.591,41.179,90
107,-55.409,41.096,90
107,-55.227,41.014,90
107,-55.044,40.932,90
107,-54.861,40.851,90
107,-54.678,40.77,90
107,-54.495,40.69,90
107,-54.312,40.61,90
107,-54.128,40.531,90
107,-53.944,40.452,90
107,-53.76,40.374,90
107,-53.576,40.296,90
107,-53.392,40.219,90
107,-53.207,40.142,90
107,-53.022,40.066,90
107,-52.837,39.991,90
107,-52.651,39.916,90
107,-52.466,39.841,90
107,-52.28,39.767,90
107,-52.094,39.694,90
107,-51.908,39.621,90
107,-51.721,39.549,90
107,-51.534,39.477,90
107,-51.348,39.406,90
107,-51.16,39.335,90
107,-50.973,39.265,90
107,-50.785,39.196,90
107,-50.598,39.127,90
107,-50.41,39.059,90
107,-50.221,38.991,90
107,-50.033,38.924,90
107,-49.844,38.858,90
107,-49.656,38.792,90
107,-49.466,38.727,90
107,-49.277,38.662,90
107,-49.088,38.598,90
107,-48.898,38.535,90
107,-48.708,38.472,90
107,-48.518,38.41,90
107,-48.328,38.349,90
107,-48.137,38.288,90
107,-47.946,38.228,90
107,-47.755,38.169,90
107,-47.564,38.11,90
107,-47.373,38.052,90
107,-47.181,37.994,90
107,-46.989,37.938,90
107,-46.797,37.882,90
107,-46.605,37.826,90
107,-46.413,37.772,90
107,-46.22,37.718,90
107,-46.027,37.665,90
107,-45.834,37.612,90
107,-45.641,37.56,90
107,-45.448,37.509,90
107,-45.254,37.459,90
107,-45.06,37.409,90
107,-44.867,37.36,90
107,-44.672,37.312,90
107,-44.478,37.265,90
107,-44.284,37.218,90
107,-44.089,37.173,90
107,-43.894,37.128,90
107,-43.699,37.083,90
107,-43.504,37.04,90
107,-43.308,36.997,90
107,-43.113,36.955,90
107,-42.917,36.914,90
107,-42.721,36.874,90
107,-42.525,36.835,90
107,-42.329,36.796,90
107,-42.132,36.758,90
107,-41.936,36.721,90
107,-41.739,36.685,90
107,-41.542,36.65,90
107,-41.345,36.615,90
107,-41.148,36.582,90
107,-40.951,36.549,90
107,-40.753,36.517,90
107,-40.556,36.486,90
107,-40.358,36.456,90
107,-40.16,36.427,90
107,-39.962,36.398,90
107,-39.764,36.371,90
107,-39.566,36.344,90
107,-39.368,36.319,90
107,-39.169,36.294,90
107,-38.971,36.27,90
107,-38.772,36.248,90
107,-38.573,36.226,90
107,-38.374,36.205,90
107,-38.175,36.185,90
107,-37.976,36.166,90
107,-37.777,36.148,90
107,-37.578,36.131,90
107,-37.378,36.115,90
107,-37.179,36.099,90
107,-36.979,36.085,90
107,-36.78,36.072,90
107,-36.58,36.06,90
107,-36.38,36.049,90
107,-36.181,36.039,90
107,-35.981,36.03,90
107,-35.781,36.022,90
107,-35.581,36.015,90
107,-35.381,36.009,90
107,-35.181,36.004,90
107,-34.981,36,90
107,-34.781,35.996,90
107,-34.581,35.993,90
107,-34.381,35.989,90
107,-34.181,35.986,90
107,-33.982,35.982,90
107,-33.782,35.979,90
107,-33.582,35.975,90
107,-33.382,35.972,90
107,-33.182,35.968,90
107,-32.982,35.965,90
107,-32.782,35.961,90
107,-32.582,35.958,90
107,-32.382,35.954,90
107,-32.182,35.951,90
107,-31.982,35.947,90
107,-31.782,35.944,90
107,-31.582,35.94,90
107,-31.382,35.937,90
107,-31.182,35.933,90
107,-30.982,35.93,90
107,-30.782,35.926,90
107,-30.582,35.923,90
107,-30.382,35.919,90
107,-30.182,35.916,90
107,-29.982,35.912,90
107,-29.782,35.909,90
107,-29.582,35.905,90
107,-29.382,35.902,90
107,-29.182,35.898,90
107,-28.982,35.895,90
107,-28.782,35.891,90
107,-28.582,35.888,90
107,-28.382,35.884,90
107,-28.182,35.881,90
107,-27.982,35.878,90
107,-27.782,35.874,90
107,-27.582,35.871,90
107,-27.383,35.867,90
107,-27.183,35.864,90
107,-26.983,35.86,90
107,-26.783,35.857,90
107,-26.583,35.853,90
107,-26.383,35.85,90
107,-26.183,35.846,90
107,-25.983,35.843,90
107,-25.783,35.839,90
107,-25.583,35.836,90
107,-25.383,35.832,90
107,-25.183,35.829,90
107,-24.983,35.825,90
107,-24.783,35.822,90
107,-24.583,35.818,90
107,-24.383,35.815,90
107,-24.183,35.811,90
107,-23.983,35.808,90
107,-23.783,35.804,90
107,-23.583,35.801,90
107,-23.383,35.797,90
107,-23.183,35.794,90
107,-22.983,35.79,90
107,-22.783,35.787,90
107,-22.583,35.783,90
107,-22.383,35.78,90
107,-22.183,35.776,90
107,-21.983,35.773,90
107,-21.783,35.769,90
107,-21.583,35.766,90
107,-21.383,35.762,90
107,-21.183,35.759,90
107,-20.983,35.755,90
107,-20.784,35.752,90
107,-20.584,35.748,90
107,-20.384,35.745,90
107,-20.184,35.741,90
107,-19.984,35.738,90
107,-19.784,35.734,90
107,-19.584,35.731,90
107,-19.384,35.727,90
107,-19.184,35.724,90
107,-18.984,35.72,90
107,-18.784,35.717,90
107,-18.584,35.713,90
107,-18.384,35.71,90
107,-18.184,35.706,90
107,-17.984,35.703,90
107,-17.784,35.699,90
107,-17.584,35.696,90
107,-17.384,35.693,90
107,-17.184,35.689,90
107,-16.984,35.686,90
107,-16.784,35.682,90
107,-16.584,35.679,90
107,-16.384,35.675,90
107,-16.184,35.672,90
107,-15.984,35.668,90
107,-15.784,35.665,90
107,-15.584,35.661,90
107,-15.384,35.658,90
107,-15.184,35.654,90
107,-14.984,35.651,90
107,-14.784,35.647,90
107,-14.584,35.644,90
107,-14.384,35.64,90
107,-14.185,35.637,90
107,-13.985,35.633,90
107,-13.785,35.63,90
107,-13.585,35.626,90
107,-13.385,35.623,90
107,-13.185,35.619,90
107,-12.985,35.616,90
107,-12.785,35.612,90
107,-12.585,35.609,90
107,-12.385,35.605,90
107,-12.185,35.602,90
107,-11.985,35.598,90
107,-11.785,35.595,90
107,-11.585,35.591,90
107,-11.385,35.588,90
107,-11.185,35.584,90
107,-10.985,35.581,90
107,-10.785,35.577,90
107,-10.585,35.574,90
107,-10.385,35.57,90
107,-10.185,35.567,90
107,-9.985,35.563,90
107,-9.785,35.56,90
107,-9.585,35.556,90
107,-9.385,35.553,90
107,-9.185,35.549,90
107,-8.985,35.546,90
107,-8.785,35.542,90
107,-8.585,35.539,90
107,-8.385,35.535,90
107,-8.185,35.532,90
107,-7.985,35.528,90
107,-7.785,35.525,90
107,-7.586,35.521,90
107,-7.386,35.518,90
107,-7.186,35.514,90
107,-6.986,35.511,90
107,-6.786,35.508,90
107,-6.586,35.504,90
107,-6.386,35.501,90
107,-6.186,35.497,90
107,-5.986,35.494,90
107,-5.786,35.49,90
107,-5.586,35.487,90
107,-5.386,35.483,90
107,-5.186,35.48,90
107,-4.986,35.476,90
107,-4.786,35.473,90
107,-4.586,35.469,90
107,-4.386,35.466,90
107,-4.186,35.462,90
107,-3.986,35.459,90
107,-3.786,35.455,90
107,-3.586,35.452,90
107,-3.386,35.448,90
107,-3.186,35.445,90
107,-2.986,35.441,90
107,-2.786,35.438,90
107,-2.586,35.434,90
107,-2.386,35.431,90
107,-2.186,35.427,90
107,-1.986,35.424,90
107,-1.786,35.42,90
107,-1.586,35.417,90
107,-1.386,35.413,90
107,-1.187,35.41,90
107,-0.987,35.406,90
107,-0.787,35.403,90
107,-0.587,35.399,90
107,-0.387,35.396,90
107,-0.187,35.392,90
107,0.013,35.389,90
107,0.213,35.385,90
107,0.413,35.382,90
107,0.613,35.378,90
107,0.813,35.375,90
107,1.013,35.371,90
107,1.213,35.368,90
107,1.413,35.364,90
107,1.613,35.361,90
107,1.813,35.357,90
107,2.013,35.354,90
107,2.213,35.35,90
107,2.413,35.347,90
107,2.613,35.343,90
107,2.813,35.34,90
107,3.013,35.336,90
107,3.213,35.333,90
107,3.413,35.33,90
107,3.613,35.326,90
107,3.813,35.323,90
107,4.013,35.319,90
107,4.213,35.316,90
107,4.413,35.312,90
107,4.613,35.309,90
107,4.813,35.305,90
107,5.013,35.302,90
107,5.213,35.298,90
107,5.412,35.295,90
107,5.612,35.291,90
107,5.812,35.288,90
107,6.012,35.284,90
107,6.212,35.281,90
107,6.412,35.277,90
107,6.612,35.274,90
107,6.812,35.27,90
107,7.012,35.267,90
107,7.212,35.263,90
107,7.412,35.26,90
107,7.612,35.256,90
107,7.812,35.253,90
107,8.012,35.249,90
107,8.212,35.246,90
107,8.412,35.242,90
107,8.612,35.239,90
107,8.812,35.235,90
107,9.012,35.232,90
107,9.212,35.228,90
107,9.412,35.225,90
107,9.612,35.221,90
107,9.812,35.218,90
107,10.012,35.214,90
107,10.212,35.211,90
107,10.412,35.207,90
107,10.612,35.204,90
107,10.812,35.2,90
107,11.012,35.197,90
107,11.212,35.193,90
107,11.412,35.19,90
107,11.612,35.186,90
107,11.812,35.183,90
107,12.011,35.179,90
107,12.211,35.176,90
107,12.411,35.172,90
107,12.611,35.169,90
107,12.811,35.165,90
107,13.011,35.162,90
107,13.211,35.158,90
107,13.411,35.155,90
107,13.611,35.151,90
107,13.811,35.148,90
107,14.011,35.145,90
107,14.211,35.141,90
107,14.411,35.138,90
107,14.611,35.134,90
107,14.811,35.131,90
107,15.011,35.127,90
107,15.211,35.124,90
107,15.411,35.12,90
107,15.611,35.117,90
107,15.811,35.113,90
107,16.011,35.11,90
107,16.211,35.106,90
107,16.411,35.103,90
107,16.611,35.099,90
107,16.811,35.096,90
107,17.011,35.092,90
107,17.211,35.089,90
107,17.411,35.085,90
107,17.611,35.082,90
107,17.811,35.078,90
107,18.011,35.075,90
107,18.211,35.071,90
107,18.411,35.068,90
107,18.61,35.064,90
107,18.81,35.061,90
107,19.01,35.057,90
107,19.21,35.054,90
107,19.41,35.05,90
107,19.61,35.047,90
107,19.81,35.043,90
107,20.01,35.04,90
107,20.21,35.036,90
107,20.41,35.033,90
107,20.61,35.029,90
107,20.81,35.026,90
107,21.01,35.022,90
107,21.21,35.019,90
107,21.41,35.015,90
107,21.61,35.012,90
107,21.81,35.008,90
107,22.01,35.005,90
107,22.21,35.001,90
107,22.41,34.998,90
107,22.61,34.994,90
107,22.81,34.991,90
107,23.01,34.987,90
107,23.21,34.984,90
107,23.41,34.98,90
107,23.61,34.977,90
107,23.81,34.973,90
107,24.01,34.97,90
107,24.21,34.966,90
107,24.41,34.963,90
107,24.61,34.96,90
107,24.81,34.956,90
107,25.01,34.953,90
107,25.209,34.949,90
107,25.409,34.946,90
107,25.609,34.942,90
107,25.809,34.939,90
107,26.009,34.935,90
107,26.209,34.932,90
107,26.409,34.928,90
107,26.609,34.925,90
107,26.809,34.921,90
107,27.009,34.918,90
107,27.209,34.914,90
107,27.409,34.911,90
107,27.609,34.907,90
107,27.809,34.904,90
107,28.009,34.9,90
107,28.209,34.897,90
107,28.409,34.893,90
107,28.609,34.89,90
107,28.809,34.886,90
107,29.009,34.883,90
107,29.209,34.879,90
107,29.409,34.876,90
107,29.609,34.872,90
107,29.809,34.869,90
107,30.009,34.865,90
107,30.209,34.862,90
107,30.409,34.858,90
107,30.609,34.855,90
107,30.809,34.851,90
107,31.009,34.848,90
107,31.209,34.844,90
107,31.409,34.841,90
107,31.609,34.837,90
107,31.808,34.834,90
107,32.008,34.83,90
107,32.208,34.827,90
107,32.408,34.823,90
107,32.608,34.82,90
107,32.808,34.816,90
107,33.008,34.813,90
107,33.208,34.809,90
107,33.408,34.806,90
107,33.608,34.802,90
107,33.808,34.799,90
107,34.008,34.795,90
107,34.208,34.792,90
107,34.408,34.788,90
107,34.608,34.785,90
107,34.808,34.781,90
107,35.008,34.778,90
107,35.208,34.775,90
107,35.408,34.771,90
107,35.608,34.768,90
107,35.808,34.764,90
107,36.008,34.761,90
107,36.208,34.757,90
107,36.408,34.754,90
107,36.608,34.75,90
107,36.808,34.747,90
107,37.008,34.743,90
107,37.208,34.74,90
107,37.408,34.736,90
107,37.608,34.733,90
107,37.808,34.729,90
107,38.008,34.726,90
107,38.207,34.722,90
107,38.407,34.719,90
107,38.607,34.715,90
107,38.807,34.712,90
107,39.007,34.708,90
107,39.207,34.705,90
107,39.407,34.701,90
107,39.607,34.698,90
107,39.807,34.694,90
107,40.007,34.691,90
107,40.207,34.687,90
107,40.407,34.684,90
107,40.607,34.68,90
107,40.807,34.677,90
107,41.007,34.673,90
107,41.207,34.67,90
107,41.407,34.666,90
107,41.607,34.663,90
107,41.807,34.659,90
107,42.007,34.656,90
107,42.207,34.652,90
107,42.407,34.649,90
107,42.607,34.645,90
107,42.807,34.642,90
107,43.007,34.638,90
107,43.207,34.635,90
107,43.407,34.631,90
107,43.607,34.628,90
107,43.807,34.624,90
107,44.007,34.621,90
107,44.207,34.617,90
107,44.407,34.614,90
107,44.607,34.61,90
107,44.806,34.607,90
107,45.006,34.603,90
107,45.206,34.6,90
107,45.406,34.597,90
107,45.606,34.593,90
107,45.806,34.59,90
107,46.006,34.586,90
107,46.206,34.583,90
107,46.406,34.579,90
107,46.606,34.576,90
107,46.806,34.572,90
107,47.006,34.569,90
107,47.206,34.565,90
107,47.406,34.562,90
107,47.606,34.558,90
107,47.806,34.555,90
107,48.006,34.551,90
107,48.206,34.548,90
107,48.406,34.544,90
107,48.606,34.541,90
107,48.806,34.537,90
107,49.006,34.534,90
107,49.206,34.53,90
107,49.406,34.527,90
107,49.606,34.523,90
107,49.806,34.52,90
107,50.006,34.516,90
107,50.206,34.513,90
107,50.406,34.509,90
107,50.606,34.506,90
107,50.806,34.502,90
107,51.006,34.499,90
107,51.206,34.495,90
107,51.405,34.492,90
107,51.605,34.488,90
107,51.805,34.485,90
107,52.005,34.481,90
107,52.205,34.478,90
107,52.405,34.474,90
107,52.605,34.471,90
107,52.805,34.467,90
107,53.005,34.464,90
107,53.205,34.46,90
107,53.405,34.457,90
107,53.605,34.453,90
107,53.805,34.45,90
107,54.005,34.446,90
107,54.205,34.443,90
107,54.405,34.439,90
107,54.605,34.436,90
107,54.805,34.432,90
107,55.005,34.429,90
107,55.205,34.425,90
107,55.405,34.422,90
107,55.605,34.418,90
107,55.805,34.415,90
107,56.005,34.412,90
107,56.205,34.408,90
107,56.405,34.405,90
107,56.605,34.401,90
107,56.805,34.398,90
107,57.005,34.394,90
107,57.205,34.391,90
107,57.405,34.387,90
107,57.605,34.384,90
107,57.805,34.38,90
107,58.004,34.377,90
107,58.204,34.373,90
107,58.404,34.37,90
107,58.604,34.366,90
107,58.804,34.363,90
107,59.004,34.359,90
107,59.204,34.356,90
107,59.404,34.352,90
107,59.604,34.349,90
107,59.804,34.345,90
107,60.004,34.342,90
107,60.204,34.338,90
107,60.404,34.335,90
107,60.604,34.331,90
107,60.804,34.328,90
107,61.004,34.324,90
107,61.204,34.321,90
107,61.404,34.317,90
107,61.604,34.314,90
107,61.804,34.31,90
107,62.004,34.307,90
107,62.204,34.303,90
107,62.404,34.3,90
107,62.604,34.296,90
107,62.804,34.293,90
107,63.004,34.289,90
107,63.204,34.286,90
107,63.404,34.282,90
107,63.604,34.279,90
107,63.804,34.275,90
107,64.004,34.272,90
107,64.204,34.268,90
107,64.404,34.265,90
107,64.603,34.261,90
107,64.803,34.258,90
107,65.003,34.254,90
107,65.203,34.251,90
107,65.403,34.247,90
107,65.603,34.244,90
107,65.803,34.24,90
107,66.003,34.237,90
107,66.203,34.233,90
107,66.403,34.23,90
107,66.603,34.227,90
107,66.803,34.223,90
107,67.003,34.22,90
107,67.203,34.216,90
107,67.403,34.213,90
107,67.603,34.209,90
107,67.803,34.206,90
107,68.003,34.202,90
107,68.203,34.199,90
107,68.403,34.195,90
107,68.603,34.192,90
107,68.803,34.188,90
107,69.003,34.185,90
107,69.203,34.181,90
107,69.403,34.178,90
107,69.603,34.174,90
107,69.803,34.171,90
107,70.003,34.167,90
107,70.203,34.164,90
107,70.403,34.16,90
107,70.603,34.157,90
107,70.803,34.153,90
107,71.003,34.15,90
107,71.202,34.146,90
107,71.402,34.143,90
107,71.602,34.139,90
107,71.802,34.136,90
107,72.002,34.132,90
107,72.202,34.129,90
107,72.402,34.125,90
107,72.602,34.122,90
107,72.802,34.118,90
107,73.002,34.115,90
107,73.202,34.111,90
107,73.402,34.108,90
107,73.602,34.104,90
107,73.802,34.101,90
107,74.002,34.097,90
107,74.202,34.094,90
107,74.402,34.09,90
107,74.602,34.087,90
107,74.802,34.083,90
107,75.002,34.08,90
107,75.202,34.076,90
107,75.402,34.073,90
107,75.602,34.069,90
107,75.802,34.066,90
107,76.002,34.062,90
107,76.202,34.059,90
107,76.402,34.055,90
107,76.602,34.052,90
107,76.802,34.048,90
107,77.002,34.045,90
107,77.202,34.042,90
107,77.402,34.038,90
107,77.601,34.035,90
107,77.801,34.031,90
107,78.001,34.028,90
107,78.201,34.024,90
107,78.401,34.021,90
107,78.601,34.017,90
107,78.801,34.014,90
107,79.001,34.01,90
107,79.201,34.007,90
107,79.401,34.003,90
107,79.601,34,90
107,79.801,33.996,90
107,80.001,33.993,90
107,80.201,33.989,90
107,80.401,33.986,90
107,80.601,33.982,90
107,80.801,33.979,90
107,81.001,33.975,90
107,81.201,33.972,90
107,81.401,33.968,90
107,81.601,33.965,90
107,81.801,33.961,90
107,82.001,33.958,90
107,82.201,33.954,90
107,82.401,33.951,90
107,82.601,33.947,90
107,82.801,33.944,90
107,83.001,33.94,90
107,83.201,33.937,90
107,83.401,33.933,90
107,83.601,33.93,90
107,83.801,33.926,90
107,84.001,33.923,90
107,84.2,33.919,90
107,84.4,33.916,90
107,84.6,33.912,90
107,84.8,33.909,90
107,85,33.905,90
107,85.2,33.902,90
107,85.4,33.898,90
107,85.6,33.895,90
107,85.8,33.891,90
107,86,33.888,90
107,86.2,33.884,90
107,86.4,33.881,90
107,86.6,33.877,90
107,86.8,33.874,90
107,87,33.87,90
107,87.2,33.867,90
107,87.4,33.863,90
107,87.6,33.86,90
107,87.8,33.857,90
107,88,33.853,90
107,88.2,33.85,90
107,88.4,33.846,90
107,88.6,33.843,90
107,88.8,33.839,90
107,89,33.836,90
107,89.2,33.832,90
107,89.4,33.829,90
107,89.6,33.825,90
107,89.8,33.822,90
107,90,33.818,90
107,90.2,33.815,90
107,90.4,33.811,90
107,90.6,33.808,90
107,90.799,33.804,90
107,90.999,33.801,90
107,91.199,33.797,90
107,91.399,33.794,90
107,91.599,33.79,90
107,91.799,33.787,90
107,91.999,33.783,90
107,92.199,33.78,90
107,92.399,33.776,90
107,92.599,33.773,90
107,92.799,33.769,90
107,92.999,33.766,90
107,93.199,33.762,90
107,93.399,33.759,90
107,93.599,33.755,90
107,93.799,33.752,90
107,93.999,33.748,90
107,94.199,33.745,90
107,94.399,33.741,90
107,94.599,33.738,90
107,94.799,33.734,90
107,94.999,33.731,90
107,95.199,33.727,90
107,95.399,33.724,90
107,95.599,33.72,90
107,95.799,33.717,90
107,95.999,33.713,90
107,96.199,33.71,90
107,96.399,33.706,90
107,96.599,33.703,90
107,96.799,33.699,90
107,96.999,33.696,90
107,97.199,33.692,90
107,97.398,33.689,90
107,97.598,33.685,90
107,97.798,33.682,90
107,97.998,33.679,90
107,98.198,33.675,90
107,98.398,33.672,90
107,98.598,33.668,90
107,98.798,33.665,90
107,98.998,33.661,90
107,99.198,33.658,90
107,99.398,33.654,90
107,99.598,33.651,90
107,99.798,33.647,90
107,99.998,33.644,90
107,100.198,33.64,90
107,100.398,33.637,90
107,100.598,33.633,90
107,100.798,33.63,90
107,100.998,33.626,90
107,101.198,33.623,90
107,101.398,33.619,90
107,101.598,33.616,90
107,101.798,33.612,90
107,101.998,33.609,90
107,102.198,33.605,90
107,102.398,33.602,90
107,102.598,33.598,90
107,102.798,33.595,90
107,102.998,33.591,90
107,103.198,33.588,90
107,103.398,33.584,90
107,103.598,33.581,90
107,103.798,33.577,90
107,103.997,33.574,90
107,104.197,33.57,90
107,104.397,33.567,90
107,104.597,33.563,90
107,104.797,33.56,90
107,104.997,33.556,90
107,105.197,33.553,90
107,105.397,33.549,90
107,105.597,33.546,90
107,105.797,33.542,90
107,105.997,33.539,90
107,106.197,33.535,90
107,106.397,33.532,90
107,106.597,33.528,90
107,106.797,33.525,90
107,106.997,33.521,90
107,107.197,33.518,90
107,107.397,33.514,90
107,107.597,33.511,90
107,107.797,33.507,90
107,107.997,33.504,90
107,108.197,33.5,90
107,108.397,33.497,90
107,108.597,33.494,90
107,108.797,33.49,90
107,108.997,33.487,90
107,109.197,33.483,90
107,109.397,33.48,90
107,109.597,33.476,90
107,109.797,33.473,90
107,109.997,33.469,90
107,110.197,33.466,90
107,110.397,33.462,90
107,110.596,33.459,90
107,110.796,33.455,90
107,110.996,33.452,90
107,111.196,33.448,90
107,111.396,33.445,90
107,111.596,33.441,90
107,111.796,33.438,90
107,111.996,33.434,90
107,112.196,33.431,90
107,112.396,33.427,90
107,112.596,33.424,90
107,112.796,33.42,90
107,112.996,33.417,90
107,113.196,33.413,90
107,113.396,33.41,90
107,113.596,33.406,90
107,113.796,33.403,90
107,113.996,33.399,90
107,114.196,33.396,90
107,114.396,33.392,90
107,114.596,33.389,90
107,114.796,33.385,90
107,114.996,33.382,90
107,115.196,33.378,90
107,115.396,33.375,90
107,115.596,33.371,90
107,115.796,33.368,90
107,115.996,33.364,90
107,116.196,33.361,90
107,116.396,33.357,90
107,116.596,33.354,90
107,116.796,33.35,90
107,116.995,33.347,90
107,117.195,33.343,90
107,117.395,33.34,90
107,117.595,33.336,90
107,117.795,33.333,90
107,117.995,33.329,90
107,118.195,33.326,90
107,118.395,33.322,90
107,118.595,33.319,90
107,118.795,33.315,90
107,118.995,33.312,90
107,119.195,33.309,90
107,119.395,33.305,90
107,119.595,33.302,90
107,119.795,33.298,90
107,119.995,33.295,90
107,120.195,33.291,90
107,120.395,33.288,90
107,120.595,33.284,90
107,120.795,33.281,90
107,120.995,33.277,90
107,121.195,33.274,90
107,121.395,33.27,90
107,121.595,33.267,90
107,121.795,33.263,90
107,121.995,33.26,90
107,122.195,33.256,90
107,122.395,33.253,90
107,122.595,33.249,90
107,122.795,33.246,90
107,122.995,33.242,90
107,123.195,33.239,90
107,123.395,33.235,90
107,123.594,33.232,90
107,123.794,33.228,90
107,123.994,33.225,90
107,124.194,33.221,90
107,124.394,33.218,90
107,124.594,33.214,90
107,124.794,33.211,90
107,124.994,33.207,90
107,125.194,33.204,90
107,125.394,33.2,90
107,125.594,33.197,90
107,125.794,33.193,90
107,125.994,33.19,90
107,126.194,33.186,90
107,126.394,33.183,90
107,126.594,33.179,90
107,126.794,33.176,90
107,126.994,33.172,90
107,127.194,33.169,90
107,127.394,33.165,90
107,127.594,33.162,90
107,127.794,33.158,90
107,127.994,33.155,90
107,128.194,33.151,90
107,128.394,33.148,90
107,128.594,33.144,90
107,128.794,33.141,90
107,128.994,33.137,90
107,129.194,33.134,90
107,129.394,33.13,90
107,129.594,33.127,90
107,129.794,33.124,90
107,129.994,33.12,90
107,130.193,33.117,90
107,130.393,33.113,90
107,130.593,33.11,90
107,130.793,33.106,90
107,130.993,33.103,90
107,131.193,33.099,90
107,131.393,33.096,90
107,131.593,33.092,90
107,131.793,33.089,90
107,131.993,33.085,90
107,132.193,33.082,90
107,132.393,33.078,90
107,132.593,33.075,90
107,132.793,33.071,90
107,132.993,33.068,90
107,133.193,33.064,90
107,133.393,33.061,90
107,133.593,33.057,90
107,133.793,33.054,90
107,133.993,33.05,90
107,134.193,33.047,90
107,134.393,33.043,90
107,134.593,33.04,90
107,134.793,33.036,90
107,134.993,33.033,90
107,135.193,33.029,90
107,135.393,33.026,90
107,135.593,33.022,90
107,135.793,33.019,90
107,135.993,33.015,90
107,136.193,33.012,90
107,136.393,33.008,90
107,136.593,33.005,90
107,136.792,33.001,90
107,136.992,32.998,90
107,137.192,32.994,90
107,137.392,32.991,90
107,137.592,32.987,90
107,137.792,32.984,90
107,137.992,32.98,90
107,138.192,32.977,90
107,138.392,32.973,90
107,138.592,32.97,90
107,138.792,32.966,90
107,138.992,32.963,90
107,139.192,32.959,90
107,139.392,32.956,90
107,139.592,32.952,90
107,139.792,32.949,90
107,139.992,32.946,90
107,140.192,32.942,90
107,140.392,32.939,90
107,140.592,32.935,90
107,140.792,32.932,90
107,140.992,32.928,90
107,141.192,32.925,90
107,141.392,32.921,90
107,141.592,32.918,90
107,141.792,32.914,90
107,141.992,32.911,90
107,142.192,32.907,90
107,142.392,32.904,90
107,142.592,32.9,90
107,142.792,32.897,90
107,142.992,32.893,90
107,143.192,32.89,90
107,143.391,32.886,90
107,143.591,32.883,90
107,143.791,32.879,90
107,143.991,32.876,90
107,144.191,32.872,90
107,144.391,32.869,90
107,144.591,32.865,90
107,144.791,32.862,90
107,144.991,32.858,90
107,145.191,32.855,90
107,145.391,32.851,90
107,145.591,32.848,90
107,145.791,32.844,90
107,145.991,32.841,90
107,146.191,32.837,90
107,146.391,32.834,90
107,146.591,32.83,90
107,146.791,32.827,90
107,146.991,32.823,90
107,147.191,32.82,90
107,147.391,32.816,90
107,147.591,32.813,90
107,147.791,32.809,90
107,147.991,32.806,90
107,148.191,32.802,90
107,148.391,32.799,90
107,148.591,32.795,90
107,148.791,32.792,90
107,148.991,32.788,90
107,149.191,32.785,90
107,149.391,32.781,90
107,149.591,32.778,90
107,149.79,32.774,90
107,149.99,32.771,90
107,150.19,32.767,90
107,150.39,32.764,90
107,150.59,32.761,90
107,150.79,32.757,90
107,150.99,32.754,90
107,151.19,32.75,90
107,151.39,32.747,90
107,151.59,32.743,90
107,151.79,32.74,90
107,151.99,32.736,90
107,152.19,32.733,90
107,152.39,32.729,90
107,152.59,32.726,90
107,152.79,32.722,90
107,152.99,32.719,90
107,153.19,32.715,90
107,153.39,32.712,90
107,153.59,32.708,90
107,153.79,32.705,90
107,153.99,32.701,90
107,154.19,32.698,90
107,154.39,32.694,90
107,154.59,32.691,90
107,154.79,32.687,90
107,154.99,32.684,90
107,155.19,32.68,90
107,155.39,32.677,90
107,155.59,32.673,90
107,155.79,32.67,90
107,155.99,32.666,90
107,156.19,32.663,90
107,156.389,32.659,90
107,156.589,32.656,90
107,156.789,32.652,90
107,156.989,32.649,90
107,157.189,32.645,90
107,157.389,32.642,90
107,157.589,32.638,90
107,157.789,32.635,90
107,157.989,32.631,90
107,158.189,32.628,90
107,158.389,32.624,90
107,158.589,32.621,90
107,158.789,32.617,90
107,158.989,32.614,90
107,159.189,32.61,90
107,159.389,32.607,90
107,159.589,32.603,90
107,159.789,32.6,90
107,159.989,32.596,90
107,160.189,32.593,90
107,160.389,32.589,90
107,160.589,32.586,90
107,160.789,32.582,90
107,160.989,32.579,90
107,161.189,32.576,90
107,161.389,32.572,90
107,161.589,32.569,90
107,161.789,32.565,90
107,161.989,32.562,90
107,162.189,32.558,90
107,162.389,32.555,90
107,162.589,32.551,90
107,162.789,32.548,90
107,162.988,32.544,90
107,163.188,32.541,90
107,163.388,32.537,90
107,163.588,32.534,90
107,163.788,32.53,90
107,163.988,32.527,90
107,164.188,32.523,90
107,164.388,32.52,90
107,164.588,32.516,90
107,164.788,32.513,90
107,164.988,32.509,90
107,165.188,32.506,90
107,165.388,32.502,90
107,165.588,32.499,90
107,165.788,32.495,90
107,165.988,32.492,90
107,166.188,32.488,90
107,166.388,32.483,90
107,166.588,32.477,90
107,166.788,32.47,90
107,166.988,32.462,90
107,167.187,32.454,90
107,167.387,32.444,90
107,167.587,32.434,90
107,167.787,32.423,90
107,167.986,32.411,90
107,168.186,32.398,90
107,168.385,32.385,90
107,168.585,32.37,90
107,168.784,32.355,90
107,168.984,32.339,90
107,169.183,32.323,90
107,169.382,32.306,90
107,169.581,32.288,90
107,169.781,32.27,90
107,169.98,32.251,90
107,170.179,32.231,90
107,170.378,32.211,90
107,170.577,32.19,90
107,170.775,32.168,90
107,170.974,32.146,90
107,171.173,32.124,90
107,171.372,32.1,90
107,171.57,32.077,90
107,171.769,32.052,90
107,171.967,32.028,90
107,172.166,32.002,90
107,172.364,31.977,90
107,172.562,31.95,90
107,172.76,31.924,90
107,172.959,31.896,90
107,173.157,31.869,90
107,173.355,31.841,90
107,173.553,31.812,90
107,173.75,31.783,90
107,173.948,31.754,90
107,174.146,31.724,90
107,174.344,31.694,90
107,174.541,31.663,90
107,174.739,31.632,90
107,174.936,31.6,90
107,175.134,31.569,90
107,175.331,31.536,90
107,175.529,31.504,90
107,175.726,31.471,90
107,175.923,31.437,90
107,176.12,31.404,90
107,176.317,31.37,90
107,176.514,31.335,90
107,176.711,31.301,90
107,176.908,31.266,90
107,177.105,31.23,90
107,177.302,31.195,90
107,177.499,31.159,90
107,177.695,31.123,90
107,177.892,31.086,90
107,178.088,31.049,90
107,178.285,31.012,90
107,178.481,30.975,90
107,178.678,30.937,90
107,178.874,30.899,90
107,179.071,30.86,90
107,179.267,30.822,90
107,179.463,30.783,90
107,179.659,30.744,90
107,179.855,30.705,90
107,180.051,30.665,90
107,180.247,30.625,90
107,180.443,30.585,90
107,180.639,30.545,90
107,180.835,30.504,90
107,181.031,30.464,90
107,181.226,30.422,90
107,181.422,30.381,90
107,181.618,30.34,90
107,181.813,30.298,90
107,182.009,30.256,90
107,182.205,30.214,90
107,182.4,30.172,90
107,182.595,30.129,90
107,182.791,30.086,90
107,182.986,30.043,90
107,183.181,30,90
107,183.377,29.957,90
107,183.572,29.913,90
107,183.767,29.87,90
107,183.962,29.826,90
107,184.157,29.782,90
107,184.352,29.738,90
107,184.547,29.693,90
107,184.742,29.649,90
107,184.937,29.604,90
107,185.132,29.559,90
107,185.327,29.514,90
107,185.522,29.469,90
107,185.717,29.423,90
107,185.911,29.378,90
107,186.106,29.332,90
107,186.301,29.286,90
107,186.495,29.24,90
107,186.69,29.194,90
107,186.884,29.147,90
107,187.079,29.101,90
107,187.273,29.054,90
107,187.468,29.008,90
107,187.662,28.961,90
107,187.857,28.914,90
107,188.051,28.867,90
107,188.245,28.82,90
107,188.44,28.772,90
107,188.634,28.725,90
107,188.828,28.677,90
107,189.023,28.629,90
107,189.217,28.582,90
107,189.411,28.534,90
107,189.605,28.486,90
107,189.799,28.438,90
107,189.993,28.389,90
107,190.187,28.341,90
107,190.381,28.292,90
107,190.575,28.244,90
107,190.769,28.195,90
107,190.963,28.147,90
107,191.157,28.098,90
107,191.351,28.049,90
107,191.545,28,90
107,191.739,27.951,90
107,191.933,27.902,90
107,192.127,27.852,90
107,192.321,27.803,90
107,192.514,27.754,90
107,192.708,27.704,90
107,192.902,27.655,90
107,193.096,27.605,90
107,193.29,27.556,90
107,193.483,27.506,90
107,193.677,27.456,90
107,193.871,27.406,90
107,194.064,27.357,90
107,194.258,27.307,90
107,194.452,27.257,90
107,194.645,27.207,90
107,194.839,27.157,90
107,195.033,27.107,90
107,195.226,27.057,90
107,195.42,27.006,90
107,195.613,26.956,90
107,195.807,26.906,90
107,196.001,26.856,90
107,196.194,26.806,90
107,196.388,26.755,90
107,196.581,26.705,90
107,196.775,26.655,90
107,196.969,26.604,90
107,197.162,26.554,90
107,197.356,26.504,90
107,197.549,26.454,90
107,197.743,26.403,90
107,197.936,26.353,90
107,198.13,26.303,90
107,198.324,26.252,90
107,198.517,26.202,90
107,198.711,26.152,90
107,198.904,26.102,90
107,199.098,26.052,90
107,199.292,26.001,90
107,199.485,25.951,90
107,199.679,25.901,90
107,199.872,25.851,90
107,200.066,25.801,90
107,200.26,25.751,90
107,200.453,25.701,90
107,200.647,25.652,90
107,200.841,25.602,90
107,201.035,25.552,90
107,201.228,25.503,90
107,201.422,25.453,90
107,201.616,25.404,90
107,201.81,25.355,90
107,202.004,25.306,90
107,202.198,25.256,90
107,202.391,25.208,90
107,202.585,25.159,90
107,202.779,25.11,90
107,202.973,25.062,90
107,203.168,25.013,90
107,203.362,24.965,90
107,203.556,24.917,90
107,203.75,24.869,90
107,203.944,24.821,90
107,204.138,24.774,90
107,204.333,24.727,90
107,204.527,24.679,90
107,204.722,24.633,90
107,204.916,24.586,90
107,205.111,24.54,90
107,205.305,24.494,90
107,205.5,24.448,90
107,205.695,24.402,90
107,205.89,24.357,90
107,206.084,24.313,90
107,206.279,24.268,90
107,206.475,24.224,90
107,206.67,24.18,90
107,206.865,24.137,90
107,207.06,24.094,90
107,207.256,24.052,90
107,207.451,24.01,90
107,207.647,23.969,90
107,207.843,23.928,90
107,208.039,23.888,90
107,208.235,23.849,90
107,208.431,23.81,90
107,208.628,23.772,90
107,208.824,23.735,90
107,209.021,23.698,90
107,209.217,23.662,90
107,209.414,23.627,90
107,209.611,23.593,90
107,209.809,23.56,90
107,210.006,23.528,90
107,210.204,23.496,90
107,210.401,23.466,90
107,210.599,23.436,90
107,210.797,23.408,90
107,210.995,23.38,90
107,211.193,23.354,90
107,211.392,23.329,90
107,211.59,23.305,90
107,211.789,23.281,90
107,211.988,23.259,90
107,212.187,23.239,90
107,212.386,23.219,90
107,212.585,23.2,90
107,212.784,23.183,90
107,212.983,23.166,90
107,213.183,23.15,90
107,213.382,23.136,90
107,213.582,23.123,90
107,213.781,23.11,90
107,213.981,23.098,90
107,214.181,23.088,90
107,214.38,23.078,90
107,214.58,23.069,90
107,214.78,23.061,90
107,214.98,23.053,90
107,215.18,23.046,90
107,215.38,23.04,90
107,215.58,23.035,90
107,215.78,23.03,90
107,215.98,23.025,90
107,216.18,23.022,90
107,216.379,23.018,90
107,216.579,23.015,90
107,216.779,23.012,90
107,216.979,23.01,90
107,217.179,23.008,90
107,217.379,23.006,90
107,217.579,23.005,90
107,217.779,23.004,90
107,217.979,23.003,90
107,218.179,23.002,90
107,218.379,23.001,90
107,218.579,23.001,90
107,218.779,23,90
107,218.979,23,90
107,219.179,23,90
107,219.379,23,90
107,219.579,23,90
107,219.779,23,90
107,219.979,23,90
107,220.179,23,90
107,220.379,23,90
107,220.579,23,90
107,220.779,23,90
107,220.979,23,90
107,221.179,22.992,90
107,221.377,22.964,90
107,221.571,22.917,90
107,221.76,22.85,90
107,221.941,22.765,90
107,222.112,22.662,90
107,222.273,22.543,90
107,222.42,22.408,90
107,222.554,22.259,90
107,222.672,22.098,90
107,222.773,21.925,90
107,222.857,21.744,90
107,222.922,21.555,90
107,222.967,21.36,90
107,222.993,21.162,90
107,223,20.962,90
107,223,20.762,90
107,223,20.562,90
107,223,20.362,90
107,223,20.162,90
107,223,19.962,90
107,223,19.762,90
107,223,19.562,90
107,223,19.362,90
107,223,19.162,90
107,223,18.962,90
107,223,18.762,90
107,223,18.562,90
107,223,18.362,90
107,223,18.162,90
107,223,17.962,90
107,223,17.762,90
107,223,17.562,90
107,223,17.362,90
107,223,17.162,90
107,223,16.962,90
107,223,16.762,90
107,223,16.562,90
107,223,16.362,90
107,223,16.162,90
107,223,15.962,90
107,223,15.762,90
107,223,15.562,90
107,223,15.362,90
107,223,15.162,90
107,223,14.962,90
107,223,14.762,90
107,223,14.562,90
107,223,14.362,90
107,223,14.162,90
107,223,13.962,90
107,223,13.762,90
107,223,13.562,90
107,223,13.362,90
107,223,13.162,90
107,223,12.962,90
107,223,12.762,90
107,223,12.562,90
107,223,12.362,90
107,223,12.162,90
107,223,11.962,90
107,223,11.762,90
107,223,11.562,90
107,223,11.362,90
107,223,11.162,90
107,223,10.962,90
107,223,10.762,90
107,223,10.562,90
107,223,10.362,90
107,223,10.162,90
107,223,9.962,90
107,223,9.762,90
107,223,9.562,90
107,223,9.362,90
107,223,9.162,90
107,223,8.962,90
107,223,8.762,90
107,223,8.562,90
107,223,8.362,90
107,223,8.162,90
107,223,7.962,90
107,223,7.762,90
107,223,7.562,90
107,223,7.362,90
107,223,7.162,90
107,223,6.962,90
107,223,6.762,90
107,223,6.562,90
107,223,6.362,90
107,223,6.162,90
107,223,5.962,90
107,223,5.762,90
107,223,5.562,90
107,223,5.362,90
107,223,5.162,90
107,223,4.962,90
107,223,4.762,90
107,223,4.562,90
107,223,4.362,90
107,223,4.162,90
107,223,3.962,90
107,223,3.762,90
107,223,3.562,90
107,223,3.362,90
107,223,3.162,90
107,223,2.962,90
107,222.986,2.763,90
107,222.952,2.566,90
107,222.899,2.373,90
107,222.827,2.186,90
107,222.737,2.008,90
107,222.629,1.84,90
107,222.505,1.683,90
107,222.366,1.539,90
107,222.213,1.41,90
107,222.049,1.297,90
107,221.873,1.201,90
107,221.689,1.123,90
107,221.498,1.063,90
107,221.303,1.023,90
107,221.104,1.003,90
107,220.904,1,90
107,220.704,1,90
107,220.504,1,90
107,220.304,1,90
107,220.104,1,90
107,219.904,1,90
107,219.704,1,90
107,219.504,1,90
107,219.304,1,90
107,219.104,1,90
107,218.904,1,90
107,218.704,1,90
107,218.504,1,90
107,218.304,1,90
107,218.104,1,90
107,217.904,1,90
107,217.704,1,90
107,217.504,1,90
107,217.304,1,90
107,217.104,1,90
107,216.904,1,90
107,216.704,1,90
107,216.504,1,90
107,216.304,1,90
107,216.104,1,90
107,215.904,1,90
107,215.704,1,90
107,215.504,1,90
107,215.304,1,90
107,215.104,1,90
107,214.904,1,90
107,214.704,1,90
107,214.504,1,90
107,214.304,1,90
107,214.104,1,90
107,213.904,1,90
107,213.704,1,90
107,213.504,1,90
107,213.304,1,90
107,213.104,1,90
107,212.904,1,90
107,212.704,1,90
107,212.504,1,90
107,212.304,1,90
107,212.104,1,90
107,211.904,1,90
107,211.704,1,90
107,211.504,1,90
107,211.304,1,90
107,211.104,1,90
107,210.904,1,90
107,210.704,1,90
107,210.504,1,90
107,210.304,1,90
107,210.104,1,90
107,209.904,1,90
107,209.704,1,90
107,209.504,1,90
107,209.304,1,90
107,209.104,1,90
107,208.904,1,90
107,208.704,1,90
107,208.504,1,90
107,208.304,1,90
107,208.104,1,90
107,207.904,1,90
107,207.704,1,90
107,207.504,1,90
107,207.304,1,90
107,207.104,1,90
107,206.904,1,90
107,206.704,1,90
107,206.504,1,90
107,206.304,1,90
107,206.104,1,90
107,205.904,1,90
107,205.704,1,90
107,205.504,1,90
107,205.304,1,90
107,205.104,1,90
107,204.904,1,90
107,204.704,1,90
107,204.504,1,90
107,204.304,1,90
107,204.104,1,90
107,203.904,1,90
107,203.704,1,90
107,203.504,1,90
107,203.304,1,90
107,203.104,1,90
107,202.904,1,90
107,202.704,1,90
107,202.504,1,90
107,202.304,1,90
107,202.104,1,90
107,201.904,1,90
107,201.704,1,90
107,201.504,1,90
107,201.304,1,90
107,201.104,1,90
107,200.904,1,90
107,200.704,1,90
107,200.504,1,90
107,200.304,1,90
107,200.104,1,90
107,199.904,1,90
107,199.704,1,90
107,199.504,1,90
107,199.304,1,90
107,199.104,1,90
107,198.904,1,90
107,198.704,1,90
107,198.504,1,90
107,198.304,1,90
107,198.104,1,90
107,197.904,1,90
107,197.704,1,90
107,197.504,1,90
107,197.304,1,90
107,197.104,1,90
107,196.904,1,90
107,196.704,1,90
107,196.504,1,90
107,196.304,1,90
107,196.104,1,90
107,195.904,1,90
107,195.704,1,90
107,195.504,1,90
107,195.304,1,90
107,195.104,1,90
107,194.904,1,90
107,194.704,1,90
107,194.504,1,90
107,194.304,1,90
107,194.104,1,90
107,193.904,1,90
107,193.704,1,90
107,193.504,1,90
107,193.304,1,90
107,193.104,1,90
107,192.904,1,90
107,192.704,1,90
107,192.504,1,90
107,192.304,1,90
107,192.104,1,90
107,191.904,1,90
107,191.704,1,90
107,191.504,1,90
107,191.304,1,90
107,191.104,1,90
107,190.904,1,90
107,190.704,1,90
107,190.504,1,90
107,190.304,1,90
107,190.104,1,90
107,189.904,1,90
107,189.704,1,90
107,189.504,1,90
107,189.304,1,90
107,189.104,1,90
107,188.904,1,90
107,188.704,1,90
107,188.504,1,90
107,188.304,1,90
107,188.104,1,90
107,187.904,1,90
107,187.704,1,90
107,187.504,1,90
107,187.304,1,90
107,187.104,1,90
107,186.904,1,90
107,186.704,1,90
107,186.504,1,90
107,186.304,1,90
107,186.104,1,90
107,185.904,1,90
107,185.704,1,90
107,185.504,1,90
107,185.304,1,90
107,185.104,1,90
107,184.904,1,90
107,184.704,1,90
107,184.504,1,90
107,184.304,1,90
107,184.104,1,90
107,183.904,1,90
107,183.704,1,90
107,183.504,1,90
107,183.304,1,90
107,183.104,1,90
107,182.904,1,90
107,182.704,1,90
107,182.504,1,90
107,182.304,1,90
107,182.104,1,90
107,181.904,1,90
107,181.704,1,90
107,181.504,1,90
107,181.304,1,90
107,181.104,1,90
107,180.904,1,90
107,180.704,1,90
107,180.504,1,90
107,180.304,1,90
107,180.104,1,90
107,179.904,1,90
107,179.704,1,90
107,179.504,1,90
107,179.304,1,90
107,179.104,1,90
107,178.904,1,90
107,178.704,1,90
107,178.504,1,90
107,178.304,1,90
107,178.104,1,90
107,177.904,1,90
107,177.704,1,90
107,177.504,1,90
107,177.304,1.002,90
107,177.104,1.004,90
107,176.904,1.009,90
107,176.704,1.014,90
107,176.504,1.021,90
107,176.304,1.029,90
107,176.104,1.038,90
107,175.905,1.049,90
107,175.705,1.061,90
107,175.506,1.075,90
107,175.306,1.09,90
107,175.107,1.106,90
107,174.908,1.123,90
107,174.708,1.142,90
107,174.509,1.162,90
107,174.311,1.183,90
107,174.112,1.206,90
107,173.913,1.23,90
107,173.715,1.256,90
107,173.517,1.282,90
107,173.319,1.31,90
107,173.121,1.34,90
107,172.923,1.37,90
107,172.726,1.402,90
107,172.529,1.436,90
107,172.332,1.47,90
107,172.135,1.506,90
107,171.938,1.543,90
107,171.742,1.582,90
107,171.546,1.622,90
107,171.35,1.663,90
107,171.155,1.705,90
107,170.96,1.749,90
107,170.765,1.794,90
107,170.57,1.841,90
107,170.376,1.888,90
107,170.182,1.937,90
107,169.989,1.987,90
107,169.795,2.039,90
107,169.603,2.092,90
107,169.41,2.146,90
107,169.218,2.201,90
107,169.026,2.258,90
107,168.835,2.316,90
107,168.644,2.375,90
107,168.453,2.436,90
107,168.263,2.497,90
107,168.073,2.56,90
107,167.884,2.625,90
107,167.695,2.69,90
107,167.506,2.757,90
107,167.318,2.825,90
107,167.13,2.894,90
107,166.943,2.965,90
107,166.757,3.037,90
107,166.57,3.11,90
107,166.385,3.184,90
107,166.2,3.26,90
107,166.015,3.337,90
107,165.831,3.415,90
107,165.647,3.494,90
107,165.464,3.574,90
107,165.281,3.656,90
107,165.099,3.739,90
107,164.918,3.823,90
107,164.737,3.908,90
107,164.557,3.995,90
107,164.377,4.082,90
107,164.198,4.171,90
107,164.019,4.261,90
107,163.841,4.353,90
107,163.664,4.445,90
107,163.487,4.539,90
107,163.311,4.634,90
107,163.136,4.73,90
107,162.961,4.827,90
107,162.787,4.925,90
107,162.613,5.025,90
107,162.44,5.125,90
107,162.268,5.227,90
107,162.097,5.33,90
107,161.926,5.434,90
107,161.756,5.539,90
107,161.586,5.645,90
107,161.418,5.753,90
107,161.25,5.862,90
107,161.083,5.971,90
107,160.916,6.082,90
107,160.75,6.194,90
107,160.585,6.307,90
107,160.421,6.421,90
107,160.258,6.536,90
107,160.095,6.653,90
107,159.933,6.77,90
107,159.772,6.889,90
107,159.612,7.008,90
107,159.452,7.129,90
107,159.293,7.25,90
107,159.135,7.373,90
107,158.978,7.497,90
107,158.822,7.622,90
107,158.667,7.748,90
107,158.512,7.874,90
107,158.358,8.002,90
107,158.205,8.131,90
107,158.053,8.261,90
107,157.902,8.392,90
107,157.752,8.524,90
107,157.602,8.657,90
107,157.454,8.791,90
107,157.306,8.926,90
107,157.16,9.062,90
107,157.014,9.199,90
107,156.869,9.337,90
107,156.725,9.476,90
107,156.582,9.615,90
107,156.44,9.756,90
107,156.299,9.898,90
107,156.158,10.04,90
107,156.019,10.184,90
107,155.881,10.328,90
107,155.744,10.474,90
107,155.607,10.62,90
107,155.472,10.767,90
107,155.337,10.916,90
107,155.204,11.065,90
107,155.072,11.214,90
107,154.94,11.365,90
107,154.81,11.517,90
107,154.681,11.669,90
107,154.552,11.823,90
107,154.425,11.977,90
107,154.299,12.132,90
107,154.173,12.288,90
107,154.049,12.445,90
107,153.926,12.602,90
107,153.804,12.761,90
107,153.683,12.92,90
107,153.563,13.08,90
107,153.444,13.241,90
107,153.326,13.402,90
107,153.209,13.565,90
107,153.093,13.728,90
107,152.979,13.892,90
107,152.865,14.056,90
107,152.753,14.222,90
107,152.642,14.388,90
107,152.531,14.555,90
107,152.422,14.722,90
107,152.314,14.891,90
107,152.208,15.06,90
107,152.102,15.23,90
107,151.997,15.4,90
107,151.894,15.571,90
107,151.792,15.743,90
107,151.69,15.916,90
107,151.59,16.089,90
107,151.492,16.263,90
107,151.394,16.437,90
107,151.297,16.613,90
107,151.202,16.788,90
107,151.108,16.965,90
107,151.015,17.142,90
107,150.923,17.32,90
107,150.833,17.498,90
107,150.743,17.677,90
107,150.655,17.856,90
107,150.568,18.036,90
107,150.482,18.217,90
107,150.397,18.398,90
107,150.314,18.58,90
107,150.232,18.762,90
107,150.151,18.945,90
107,150.071,19.129,90
107,149.993,19.312,90
107,149.915,19.497,90
107,149.839,19.682,90
107,149.764,19.867,90
107,149.691,20.053,90
107,149.618,20.24,90
107,149.547,20.427,90
107,149.477,20.614,90
107,149.409,20.802,90
107,149.341,20.99,90
107,149.275,21.179,90
107,149.211,21.368,90
107,149.147,21.558,90
107,149.085,21.748,90
107,149.024,21.938,90
107,148.964,22.129,90
107,148.905,22.321,90
107,148.848,22.512,90
107,148.792,22.704,90
107,148.737,22.897,90
107,148.684,23.089,90
107,148.632,23.282,90
107,148.581,23.476,90
107,148.532,23.67,90
107,148.483,23.864,90
107,148.437,24.058,90
107,148.391,24.253,90
107,148.347,24.448,90
107,148.304,24.643,90
107,148.262,24.839,90
107,148.221,25.035,90
107,148.182,25.231,90
107,148.144,25.427,90
107,148.108,25.624,90
107,148.073,25.821,90
107,148.039,26.018,90
107,148.006,26.215,90
107,147.975,26.413,90
107,147.945,26.61,90
107,147.917,26.808,90
107,147.889,27.007,90
107,147.863,27.205,90
107,147.839,27.403,90
107,147.815,27.602,90
107,147.793,27.801,90
107,147.773,28,90
107,147.753,28.199,90
107,147.735,28.398,90
107,147.719,28.597,90
107,147.703,28.797,90
107,147.689,28.996,90
107,147.677,29.196,90
107,147.665,29.395,90
107,147.655,29.595,90
107,147.647,29.795,90
107,147.639,29.995,90
107,147.633,30.195,90
107,147.628,30.395,90
107,147.625,30.595,90
107,147.623,30.795,90
107,147.622,30.995,90
