p1,v1,p2,v2,p3,v3,p4,v4,dt
0.0,2.25,0.0,0.0,0.0,0.0,-0.0,0.0,50
0.1125,6.75,0.0,0.0,0.0,0.0,-0.0,0.0,50
0.45,11.25,0.0,0.0,0.0,0.0,-0.0,0.0,50
1.0125,15.750000000000002,0.0,0.0,0.0,0.0,-0.0,0.0,50
1.8,20.249999999999996,0.0,0.0,0.0,0.0,-0.0,0.0,50
2.8125,24.749999999999996,0.0,0.0,0.0,0.0,-0.0,0.0,50
4.05,29.250000000000007,0.0,0.0,0.0,0.0,-0.0,0.0,50
5.5125,33.75,0.0,0.0,0.0,0.0,-0.0,0.0,50
7.2,38.25000000000001,0.0,0.0,0.0,0.0,-0.0,0.0,50
9.1125,42.749999999999986,0.0,0.0,0.0,0.0,-0.0,0.0,50
11.25,47.250000000000014,0.0,0.0,0.0,0.0,-0.0,0.0,50
13.6125,51.74999999999997,0.0,0.0,0.0,0.0,-0.0,0.0,50
16.2,56.25000000000007,0.0,0.0,0.0,0.0,-0.0,0.0,50
19.012500000000003,60.74999999999996,0.0,0.0,0.0,0.0,-0.0,0.0,50
22.05,65.24999999999999,0.0,0.0,0.0,0.0,-0.0,0.0,50
25.3125,69.75000000000001,0.0,0.0,0.0,0.0,-0.0,0.0,50
28.8,74.25000000000004,0.0,0.0,0.0,0.0,-0.0,0.0,50
32.5125,78.75,0.0,0.0,0.0,0.0,-0.0,0.0,50
36.45,83.25000000000003,0.0,0.0,0.0,0.0,-0.0,0.0,50
40.612500000000004,87.74999999999991,0.0,0.0,0.0,0.0,-0.0,0.0,50
45.0,92.25000000000009,0.0,0.0,0.0,0.0,-0.0,0.0,50
49.612500000000004,96.74999999999997,0.0,0.0,0.0,0.0,-0.0,0.0,50
54.45,101.25,0.0,0.0,0.0,0.0,-0.0,0.0,50
59.5125,105.74999999999989,0.0,0.0,0.0,0.0,-0.0,0.0,50
64.8,110.25000000000006,0.0,0.0,0.0,0.0,-0.0,0.0,50
70.3125,114.75000000000023,0.0,0.0,0.0,0.0,-0.0,0.0,50
76.05000000000001,119.24999999999983,0.0,0.0,0.0,0.0,-0.0,0.0,50
82.0125,123.75,0.0,0.0,0.0,0.0,-0.0,0.0,50
88.2,128.25000000000017,0.0,0.0,0.0,0.0,-0.0,0.0,50
94.61250000000001,132.74999999999977,0.0,0.0,0.0,0.0,-0.0,0.0,50
101.25,137.25000000000023,0.0,0.0,0.0,0.0,-0.0,0.0,50
108.11250000000001,141.74999999999983,0.0,0.0,0.0,0.0,-0.0,0.0,50
115.2,146.25,0.0,0.0,0.0,0.0,-0.0,0.0,50
122.5125,150.75000000000017,0.0,0.0,0.0,0.0,-0.0,0.0,50
130.05,155.24999999999977,0.0,0.0,0.0,0.0,-0.0,0.0,50
137.8125,159.75000000000023,0.0,0.0,0.0,0.0,-0.0,0.0,50
145.8,164.2500000000001,0.0,0.0,0.0,0.0,-0.0,0.0,50
154.01250000000002,168.75,0.0,0.0,0.0,0.0,-0.0,0.0,50
162.45000000000002,173.2499999999999,0.0,0.0,0.0,0.0,-0.0,0.0,50
171.1125,177.74999999999977,0.0,0.0,0.0,0.0,-0.0,0.0,50
180.0,177.74999999999977,0.0,0.0,0.0,0.0,-0.0,0.0,50
188.8875,173.25000000000045,0.0,0.0,0.0,0.0,-0.0,0.0,50
197.55,168.75,0.0,0.0,0.0,0.0,-0.0,0.0,50
205.9875,164.24999999999955,0.0,0.0,0.0,0.0,-0.0,0.0,50
214.2,159.75000000000023,0.0,0.0,0.0,0.0,-0.0,0.0,50
222.1875,155.24999999999977,0.0,0.0,0.0,0.0,-0.0,0.0,50
229.95,150.75000000000045,0.0,0.0,0.0,0.0,-0.0,0.0,50
237.4875,146.25,0.0,0.0,0.0,0.0,-0.0,0.0,50
244.8,141.74999999999955,0.0,0.0,0.0,0.0,-0.0,0.0,50
251.8875,137.25000000000023,0.0,0.0,0.0,0.0,-0.0,0.0,50
258.75,132.74999999999977,0.0,0.0,0.0,0.0,-0.0,0.0,50
265.3875,128.25000000000045,0.0,0.0,0.0,0.0,-0.0,0.0,50
271.8,123.75,0.0,0.0,0.0,0.0,-0.0,0.0,50
277.9875,119.24999999999955,0.0,0.0,0.0,0.0,-0.0,0.0,50
283.95,114.75000000000023,0.0,0.0,0.0,0.0,-0.0,0.0,50
289.6875,110.24999999999977,0.0,0.0,0.0,0.0,-0.0,0.0,50
295.2,105.75000000000045,0.0,0.0,0.0,0.0,-0.0,0.0,50
300.4875,101.25,0.0,0.0,0.0,0.0,-0.0,0.0,50
305.55,96.74999999999955,0.0,0.0,0.0,0.0,-0.0,0.0,50
310.3875,92.25000000000023,0.0,0.0,0.0,0.0,-0.0,0.0,50
315.0,87.74999999999977,0.0,0.0,0.0,0.0,-0.0,0.0,50
319.3875,83.25000000000045,0.0,0.0,0.0,0.0,-0.0,0.0,50
323.55,78.75,0.0,0.0,0.0,0.0,-0.0,0.0,50
327.4875,74.24999999999955,0.0,0.0,0.0,0.0,-0.0,0.0,50
331.2,69.75000000000023,0.0,0.0,0.0,0.0,-0.0,0.0,50
334.6875,65.24999999999977,0.0,0.0,0.0,0.0,-0.0,0.0,50
337.95,60.750000000000455,0.0,0.0,0.0,0.0,-0.0,0.0,50
340.9875,56.25,0.0,0.0,0.0,0.0,-0.0,0.0,50
343.8,51.75000000000068,0.0,0.0,0.0,0.0,-0.0,0.0,50
346.38750000000005,47.25000000000023,0.0,0.0,0.0,0.0,-0.0,0.0,50
348.75000000000006,42.74999999999977,0.0,0.0,0.0,0.0,-0.0,0.0,50
350.88750000000005,38.250000000000455,0.0,0.0,0.0,0.0,-0.0,0.0,50
352.80000000000007,33.75,0.0,0.0,0.0,0.0,-0.0,0.0,50
354.48750000000007,29.249999999999545,0.0,0.0,0.0,0.0,-0.0,0.0,50
355.95000000000005,24.750000000000227,0.0,0.0,0.0,0.0,-0.0,0.0,50
357.18750000000006,20.249999999999773,0.0,0.0,0.0,0.0,-0.0,0.0,50
358.20000000000005,15.749999999998181,0.0,0.0,0.0,0.0,-0.0,0.0,50
358.98749999999995,11.25,0.0,0.0,0.0,0.0,-0.0,0.0,50
359.54999999999995,6.750000000000682,0.0,0.0,0.0,0.0,-0.0,0.0,50
359.8875,2.2500000000002274,0.0,0.0,0.0,0.0,-0.0,0.0,50
360.0,0.0,0.0,0.0,0.0,0.0,-0.0,0.0,50
360.0,0.0,0.0,0.07721855882181217,0.0,-1.955794530211108,-0.0,-1.6406250000002842,50
360.0,0.0,0.0038609279410906083,0.23656112998367007,-0.0977897265105554,-5.863532960765383,-0.08203125000001421,-4.921874999999432,50
360.0,0.0,0.015688984440274112,0.4105699109842931,-0.39096637454882455,-9.759774194499471,-0.3281249999999858,-8.203125,50
360.0,0.0,0.036217479989488766,0.6088563788864576,-0.8789550842737981,-13.637034655135949,-0.7382812499999858,-11.484375000000568,50
360.0,0.0,0.06666029893381165,0.8407870831689479,-1.5608068170305955,-17.48809882971898,-1.3125000000000142,-14.765624999999716,50
360.0,0.0,0.10869965309225904,1.115393671001641,-2.4352117585165445,-21.306119091390485,-2.05078125,-18.046875000000284,50
360.0,0.0,0.1644693366423411,1.441290596208944,-3.5005177130860687,-25.084708429490377,-2.953125000000014,-21.32812499999943,50
360.0,0.0,0.2365338664527883,1.826602277608913,-4.754753134560588,-28.818024486977833,-4.019531249999986,-24.609375,50
360.0,0.0,0.32786398033323394,2.278901179121817,-6.195654358909479,-32.50084359753487,-5.249999999999986,-27.89062500000057,50
360.0,0.0,0.4418090392893248,2.805157955027937,-7.820696538786223,-36.12862384442366,-6.644531250000014,-31.171874999999716,50
360.0,0.0,0.5820669370407217,3.4117044545354247,-9.627127731007405,-39.69755651482387,-8.203125,-34.453125000000284,50
360.0,0.0,0.7526521597674929,4.104210024947008,-11.6120055567486,-43.20460568430775,-9.925781250000014,-37.73437499999943,50
360.0,0.0,0.9578626610148433,4.887671207836775,-13.772235840963987,-46.64753602093015,-11.812499999999986,-41.015625,50
360.0,0.0,1.202246221406682,5.766414600807934,-16.104612642010494,-50.02492923554769,-13.863281249999986,-44.29687500000057,50
360.0,0.0,1.4905669514470787,6.744112370776634,-18.60585910378788,-53.33618991338369,-16.078125000000014,-47.578124999999716,50
360.0,0.0,1.8277725699859104,7.823809662825454,-21.272668599457063,-56.581541733042684,-18.45703125,-50.859375000000284,50
360.0,0.0,2.218963053127183,9.00796295838262,-24.101745686109197,-59.76201530809675,-21.000000000000014,-54.14062499999943,50
360.0,0.0,2.669361201046314,10.298488302764497,-27.089846451514035,-62.87942906935626,-23.707031249999986,-57.421875,50
360.0,0.0,3.184285616184539,11.696818246115015,-30.233817904981848,-65.9363647436777,-26.578124999999986,-60.70312500000057,50
360.0,0.0,3.7691265284902897,13.203966324323346,-33.53063614216573,-68.93613907989646,-29.613281250000014,-63.984374999999716,50
360.0,0.0,4.429324844706457,14.820597944593317,-36.977443096160556,-71.8827735288869,-32.8125,-67.26562500000028,50
360.0,0.0,5.170354741936123,16.547106631354325,-40.5715817726049,-74.78096361061688,-36.175781250000014,-70.54687499999943,50
360.0,0.0,5.997710073503839,18.383694727812383,-44.310629953135745,-77.63604970410256,-39.703124999999986,-73.828125,50
360.0,0.0,6.916894809894458,20.33045783271632,-48.19243243834087,-80.45399098755439,-43.394531249999986,-77.10937500000057,50
360.0,0.0,7.933417701530274,22.38747247718038,-52.21513198771859,-83.24134424641159,-47.250000000000014,-80.39062499999972,50
360.0,0.0,9.052791325389293,24.55488681069511,-56.37719920003917,-86.00524926973065,-51.26953125,-83.67187500000028,50
360.0,0.0,10.280535665924049,26.833014368122576,-60.677461663525705,-88.75342258370722,-55.453125000000014,-86.95312499999943,50
360.0,0.0,11.622186384330178,29.222431333366217,-65.11513279271107,-91.49416134148538,-59.800781249999986,-90.234375,50
360.0,0.0,13.083307950998488,31.724078106196885,-69.68984085978533,-94.23635931744911,-64.31249999999999,-93.51562500000057,50
360.0,0.0,14.669511856308333,34.339366427519735,-74.40165882565779,-96.98953716467571,-68.98828125000001,-96.79687499999972,50
360.0,0.0,16.38648017768432,37.07029384202514,-79.25113568389158,-99.76388941028347,-73.828125,-100.07812500000028,50
360.0,0.0,18.239994869785576,39.91956790080167,-84.23933015440575,-102.57035112003052,-78.83203125000001,-103.35937499999943,50
360.0,0.0,20.23597326482566,42.89074326630384,-89.36784771040728,-105.42068780302571,-83.99999999999999,-106.640625,50
360.0,0.0,22.380510428140852,45.98837582924489,-94.63888210055856,-108.32761300955553,-89.33203124999999,-109.92187500000057,50
360.0,0.0,24.679929219603096,49.21819915393115,-100.05526275103634,-111.30493928088583,-94.82812500000001,-113.20312499999972,50
360.0,0.0,27.140839177299654,52.587330138000254,-105.62050971508063,-114.3677697537484,-100.48828125,-116.484375,50
360.0,0.0,29.770205684199667,56.104512850998844,-111.33889820276805,-117.53273996740916,-106.3125,-119.765625,50
360.0,0.0,32.57543132674961,59.7804123158582,-117.21553520113851,-120.81832250280826,-112.30078125,-123.046875,50
360.0,0.0,35.56445194254252,63.62797382836618,-123.25645132627892,-124.24521134774125,-118.453125,-126.328125,50
360.0,0.0,38.74585063396083,67.66286873204876,-129.46871189366598,-127.83680884444493,-124.76953125,-129.609375,50
360.0,0.0,42.128994070563266,70.09755559013797,-135.86055233588823,-128.36195389294744,-131.25,-129.609375,50
360.0,0.0,45.633871850070165,70.69935834122987,-142.2786500305356,-125.77219563834717,-137.73046875,-126.328125,50
360.0,0.0,49.16883976713166,71.16160104270648,-148.56725981245296,-123.28143098116925,-144.046875,-123.046875,50
360.0,0.0,52.72691981926698,71.49401335931742,-154.73133136151142,-120.8742128631684,-150.19921875,-119.765625,50
360.0,0.0,56.30162048723285,71.70459157670592,-160.77504200466984,-118.53641241262096,-156.1875,-116.484375,50
360.0,0.0,59.88685006606815,71.79980787639408,-166.7018626253009,-116.2549792929508,-162.01171875,-113.203125,50
360.0,0.0,63.47684045988785,71.78478171059623,-172.51461158994843,-114.0177375400583,-167.671875,-109.921875,50
360.0,0.0,67.06607954541767,71.66342025503099,-178.21549846695135,-111.81321040270575,-173.16796875,-106.640625,50
360.0,0.0,70.64925055816921,71.43853361486521,-183.80615898708663,-109.63046911545177,-178.5,-103.35937500000057,50
360.0,0.0,74.22117723891247,71.11192947466094,-189.28768244285922,-107.45900168014771,-183.66796875000003,-100.07812499999943,50
360.0,0.0,77.77677371264552,70.68449115233477,-194.6606325268666,-105.28859868260156,-188.671875,-96.796875,50
360.0,0.0,81.31099827026226,70.15624249102927,-199.92506246099668,-103.10925398096515,-193.51171875,-93.515625,50
360.0,0.0,84.81881039481372,69.52640266645744,-205.08052516004494,-100.91107881704488,-198.1875,-90.234375,50
360.0,0.0,88.2951305281366,68.79343377504625,-210.1260791008972,-98.6842285536352,-202.69921875,-86.953125,50
360.0,0.0,91.73480221688891,67.95508398098491,-215.06029052857895,-96.41884185911294,-207.046875,-83.671875,50
360.0,0.0,95.13255641593815,67.00842902261428,-219.8812326215346,-94.10499276331393,-211.23046875,-80.39062500000057,50
360.0,0.0,98.48297786706887,65.94991499657112,-224.5864822597003,-91.73265661072605,-215.25000000000003,-77.10937499999943,50
360.0,0.0,101.78047361689742,64.77540553727721,-229.1731150902366,-89.29169154293561,-219.10546875,-73.828125,50
360.0,0.0,105.01924389376128,63.4802367690952,-233.63769966738337,-86.77183774822993,-222.796875,-70.54687500000057,50
360.0,0.0,108.19325573221604,62.05928370347493,-237.97629155479487,-84.1627373057753,-226.32421875000003,-67.26562499999943,50
360.0,0.0,111.29621991738979,60.507042043721526,-242.18442842008363,-81.4539779920915,-229.6875,-63.98437500000057,50
360.0,0.0,114.32157201957587,58.81772959279914,-246.2571273196882,-78.635164856762,-232.88671875000003,-60.70312499999943,50
360.0,0.0,117.26245849921582,56.985411560545174,-250.1888855625263,-75.69602363605782,-235.921875,-57.421875,50
360.0,0.0,120.11172907724308,55.004153940468825,-253.9736867443292,-72.62654005442869,-238.79296875,-54.14062500000057,50
360.0,0.0,122.86193677426652,52.868208653978854,-257.60501374705063,-69.41713863571294,-241.50000000000003,-50.85937499999943,50
360.0,0.0,125.50534720696547,50.572233204512145,-261.0758706788363,-66.058903655927,-244.04296875,-47.578125,50
360.0,0.0,128.03395886719107,48.11154600097325,-264.37881586163263,-62.54384315762195,-246.421875,-44.296875,50
360.0,0.0,130.43953616723974,45.48241616801647,-267.50600801951373,-58.86519436553499,-248.63671875,-41.015625,50
360.0,0.0,132.71365697564056,42.68238347460624,-270.4492677377905,-55.01776529929998,-250.6875,-37.73437500000057,50
360.0,0.0,134.84777614937087,39.71059998785904,-273.2001560027555,-50.9983028788929,-252.57421875000003,-34.453125,50
360.0,0.0,136.83330614876382,36.56818034383946,-275.7500711467001,-46.80587252927012,-254.29687500000003,-31.171875,50
360.0,0.0,138.6617151659558,33.25854246359313,-278.0903647731636,-42.4422285999276,-255.85546875000003,-27.89062499999943,50
360.0,0.0,140.32464228913545,29.787715701341995,-280.21247620316,-37.91214946639798,-257.25,-24.609375,50
360.0,0.0,141.81402807420255,26.164589583908082,-282.1080836764799,-33.22370686992599,-258.48046875,-21.328125000001137,50
360.0,0.0,143.12225755339796,22.401074432690393,-283.7692690199762,-28.38843694672846,-259.54687500000006,-18.046875,50
360.0,0.0,144.24231127503248,18.51214620524786,-285.18869086731263,-23.421381579441913,-260.44921875000006,-14.765625,50
360.0,0.0,145.16791858529487,14.515752597357618,-286.3597599462847,-18.340974011596245,-261.18750000000006,-11.484374999998863,50
360.0,0.0,145.89370621516275,10.432566088051658,-287.27680864686454,-13.168752419969678,-261.76171875,-8.203125,50
360.0,0.0,146.41533451956533,6.285581780497296,-287.935246267863,-7.928898878637938,-262.171875,-4.921875000001137,50
360.0,0.0,146.7296136085902,2.099572386697446,-288.3316912117949,-2.647617514135163,-262.41796875000006,-1.640625,50
360.0,0.0,146.83459222792507,0.0,-288.4640720875017,0.0,-262.50000000000006,0.0,50
360.0,0.7749999999998636,146.83459222792507,-2.947721906480183,-288.4640720875017,6.3559878088540245,-262.5,0.0,50
360.03875,2.3249999999995907,146.68720613260106,-8.783929756913267,-288.146272697059,19.014816503149632,-262.5,0.0,50
360.155,3.8750000000004547,146.2480096447554,-14.44539653593722,-287.1955318719015,31.51765839954578,-262.5,0.0,50
360.34875,5.425000000000182,145.52573981795854,-19.82511303296974,-285.6196489519242,43.77158058802934,-262.5,0.0,50
360.62,6.974999999999909,144.53448416631005,-24.828975091497796,-283.43106992252274,55.698751071035986,-262.5,0.0,50
360.96875,8.524999999999636,143.29303541173516,-29.37860563806396,-280.64613236897094,67.23984974119503,-262.5,0.0,50
361.395,10.0750000000005,141.82410512983196,-33.41244211529499,-277.2841398819112,78.35553334193946,-262.5,0.0,50
361.89875,11.625000000000227,140.1534830240672,-36.88523841348115,-273.3663632148142,89.02612597327106,-262.5,0.0,50
362.48,13.174999999999955,138.30922110339316,-39.7663346810873,-268.91505691615066,99.24993701428093,-262.5,0.0,50
363.13875,14.724999999999682,136.3209043693388,-42.03713532621407,-263.9525600654366,109.04070605884726,-262.5,0.0,50
363.875,16.275000000000546,134.2190476030281,-43.688219797163015,-258.50052476249425,118.42465623329417,-262.5,0.0,50
364.68875,17.824999999999136,132.03463661316994,-44.71642899639164,-252.57929195082954,127.43754446931007,-262.5,0.0,50
365.58,19.375,129.79881516335035,-45.12216201291068,-246.20741472736404,136.12197458677656,-262.5,0.0,50
366.54875,20.925000000000864,127.54270706270482,-44.90701350401736,-239.4013159980252,144.52512046553238,-262.5,0.0,50
367.595,22.474999999999454,125.29735638750395,-44.07179847702736,-232.1750599747486,152.69691115325372,-262.5,0.0,50
368.71875,24.02500000000032,123.09376646365259,-42.61495387701757,-224.5402144170859,160.68866344440835,-262.5,0.0,50
369.92,25.575000000000045,120.9630187698017,-40.531273370407916,-216.5057812448655,168.5521078663453,-262.5,0.0,50
371.19875,27.124999999999773,118.93645510128131,-37.81091774943093,-208.07817585154822,176.3387348477704,-262.5,0.0,50
372.555,28.6749999999995,117.04590921380976,-34.43864262136174,-199.2612391091597,184.09938210811788,-262.5,0.0,50
373.98875,30.225000000000364,115.32397708274168,-30.393192562816296,-190.0562700037538,191.8839858994653,-262.5,0.0,50
375.5,31.77500000000009,113.80431745460086,-25.64682324293983,-180.46207070878054,199.7414230469036,-262.5,0.0,50
377.08875,33.32499999999982,112.52197629245387,-20.16492811966515,-170.47499955643536,207.71937459066976,-262.5,0.0,50
378.755,34.874999999999545,111.51372988647061,-13.90576335149376,-160.08903082690188,215.86414317136928,-262.5,0.0,50
380.49875,36.42500000000041,110.81844171889593,-6.820283599053312,-149.2958236683334,224.22035382170066,-262.5,0.0,50
382.32,37.975000000000136,110.47742753894326,1.1478769023469226,-138.08480597724838,232.83046072320275,-262.5,0.0,50
384.21875,39.524999999999864,110.5348213840606,10.0622181564475,-126.44328294108824,241.73397028006747,-262.5,0.0,50
386.195,41.07499999999959,111.03793229188298,19.992892800041773,-114.35658442708487,250.96627341722524,-262.5,0.0,50
388.24875,42.625000000000455,112.03757693188507,31.015802184089125,-101.8082707562236,260.55695772079844,-262.5,0.0,50
390.38,44.17500000000018,113.58836704108953,43.211100006851666,-88.78042287018368,270.52744426915353,-262.5,0.0,50
392.58875,45.72499999999991,115.74892204143211,56.660884291697755,-75.25405065672601,280.8877678488332,-262.5,0.0,50
394.875,47.274999999999636,118.581966256017,71.44580701710339,-61.20966226428435,291.6322987286233,-262.5,0.0,50
397.23875,48.8250000000005,122.15425660687217,87.64028469571485,-46.62804732785318,302.7341998856332,-262.5,0.0,50
399.68,50.37500000000023,126.53627084165791,105.30596762871085,-31.491337333571522,314.13844282468233,-262.5,0.0,50
402.19875,51.924999999999955,131.80156922309345,124.48314562073051,-15.784415192337406,325.75329393608854,-262.5,0.0,50
404.795,53.47499999999968,138.02572650412998,145.1798718928626,0.5032495044670213,337.4403673995383,-262.5,0.0,50
407.46875,55.025000000000546,145.2847200987731,167.35882659063805,17.375267874443935,349.0036627972066,-262.5,0.0,50
410.22,56.574999999999136,153.652661428305,190.92237617930664,34.825451014304264,360.17850589302697,-262.5,0.0,50
413.04875,58.125,163.19878023727034,215.69696421992376,52.83437630895561,370.6220042193587,-262.5,0.0,50
415.955,59.675000000000864,173.98362844826653,241.418894063533,71.36547651992355,379.9074653419967,-262.5,0.0,50
418.93875,61.224999999999454,186.05457315144318,267.7246310559548,90.36084978702338,387.52603714198926,-262.5,0.0,50
422.0,61.22500000000059,199.44080470424092,286.66088480022324,109.73715164412285,383.2707717750017,-262.5,0.0,50
425.06125000000003,59.67499999999973,213.77384894425208,296.00809070352227,128.90069023287293,367.3168919224406,-262.5,0.0,50
428.045,58.125,228.5742534794282,302.30671727902745,147.26653482899496,349.6607027525488,-262.5,0.0,50
430.95125,56.574999999999136,243.68958934337957,305.67619359347646,164.7495699666224,330.54572454974505,-262.5,0.0,50
433.78,55.025000000000546,258.9733990230534,306.3233292412326,181.27685619410966,310.2871827395609,-262.5,0.0,50
436.53125,53.47500000000082,274.289565485115,304.5231795417533,196.7912153310877,289.24378214073556,-262.5,0.0,50
439.20500000000004,51.92499999999882,289.5157244622027,300.59536368961403,211.25340443812448,267.7886951966133,-262.5,0.0,50
441.80125,50.37500000000023,304.5454926466834,294.87964386419094,224.64283919795514,246.2834532454906,-262.5,0.0,50
444.32,48.82499999999936,319.28947483989293,287.71394162567617,236.95701186022967,225.05736083935744,-262.5,0.0,50
446.76124999999996,47.27500000000077,333.67517192117674,279.41685767621834,248.20987990219754,204.39367045306312,-262.5,0.0,50
449.125,45.72499999999991,347.64601480498766,270.2755570221234,258.4295634248507,184.52247010311794,-262.5,-103.11373860013191,50
451.41125,44.17500000000018,361.1597926560938,260.53888004924147,267.6556869300066,165.6193144960048,-267.6556869300066,-165.6193144960048,50
453.62,42.625000000000455,374.1867366585559,250.41488587715776,275.93665265480684,147.80815474821566,-275.93665265480684,-147.80815474821566,50
455.75125,41.074999999998454,386.7074809524138,240.07173432719128,283.3270603922176,131.16703530799555,-283.3270603922176,-131.16703530799555,50
457.80499999999995,39.525000000001,398.71106766877335,229.64078900151208,289.8854121576174,115.73520301911913,-289.8854121576174,-115.73520301911913,50
459.78125,37.975000000000136,410.19310711884896,219.2209702938237,295.67217230857335,101.52057903396212,-295.67217230857335,-101.52057903396212,50
461.68,36.42499999999927,421.15415563354014,208.8836083404999,300.74820126027146,88.50687567051409,-300.74820126027146,-88.50687567051409,50
463.50124999999997,34.87500000000068,431.59833605056514,198.67727469504644,305.17354504379716,76.65993388074867,-305.17354504379716,-76.65993388074867,50
465.245,33.32499999999982,441.53219978531746,188.63227003167253,309.0065417378346,65.93308476564289,-309.0065417378346,-65.93308476564289,50
466.91125,31.77500000000009,450.9638132869011,178.7645985318818,312.30319597611674,56.27149677784246,-312.30319597611674,-56.27149677784246,50
468.5,30.225000000000364,459.9020432134952,169.07936730716187,315.11677081500886,47.61556825341131,-315.11677081500886,-47.61556825341131,50
470.01125,28.6749999999995,468.35601157885327,159.57361806094923,317.49754922767943,39.903476960041644,-317.49754922767943,-39.903476960041644,50
471.445,27.124999999999773,476.33469248190073,150.2386373925458,319.4927230756815,33.073018650322865,-319.4927230756815,-33.073018650322865,50
472.80125,25.575000000000045,483.846624351528,141.061810552917,321.14637400819765,27.062867013502228,-321.14637400819765,-27.062867013502228,50
474.08,24.02500000000032,490.89971487917387,132.0280883865098,322.49951735887277,21.81337675035934,-322.49951735887277,-21.81337675035934,50
475.28125,22.47500000000059,497.50111929849936,123.12113410569509,323.59018619639073,17.26703576535897,-323.59018619639073,-17.26703576535897,50
476.40500000000003,20.92499999999859,503.6571760037841,114.32420925077395,324.4535379846587,13.36865544106331,-324.4535379846587,-13.36865544106331,50
477.45124999999996,19.375000000001137,509.3733864663228,105.62084917055245,325.12197075671185,10.065371760114203,-325.12197075671185,-10.065371760114203,50
478.42,17.824999999999136,514.6544289248504,96.99536913620477,325.62523934471756,7.3065156977770584,-325.62523934471756,-7.3065156977770584,50
479.31125,16.275000000000546,519.5041973816607,88.43323363606942,325.9905651296064,5.043399159122828,-325.9905651296064,-5.043399159122828,50
480.125,14.725000000000819,523.9258590634641,79.92131392976489,326.24273508756255,3.2290527146165005,-326.24273508756255,-3.2290527146165005,50
480.86125000000004,13.174999999999955,527.9219247599524,71.44805274706869,326.4041877232934,1.8179432270585494,-326.4041877232934,-1.8179432270585494,50
481.52000000000004,11.624999999997954,531.4943273973058,63.003550127934886,326.4950848846463,0.7656928107917338,-326.4950848846463,-0.7656928107917338,50
482.10124999999994,10.0750000000005,534.6445049037026,54.57958075762008,326.5333695251859,0.02881506658809485,-326.5333695251859,-0.02881506658809485,50
482.60499999999996,8.525000000000773,537.3734839415836,46.169550649233315,326.5348102785153,-0.435520118179511,-326.5348102785153,0.435520118179511,50
483.03125,6.974999999999909,539.6819614740452,37.76839952648061,326.5130342726063,-0.6696859718749693,-326.5130342726063,0.6696859718749693,50
483.38,5.425000000001319,541.5703814503693,29.37245460224858,326.47954997401257,-0.7157588391123682,-326.47954997401257,0.7157588391123682,50
483.65125000000006,3.874999999998181,543.0390041804817,20.97924145455636,326.44376203205695,-0.6156384631094625,-326.44376203205695,0.6156384631094625,50
483.84499999999997,2.3249999999995907,544.0879662532095,12.587258177832155,326.4129801089015,-0.41113120098088984,-326.4129801089015,0.41113120098088984,50
483.96124999999995,0.7750000000010004,544.7173291621011,4.195719735266721,326.39242354885243,-0.1440014296758818,-326.39242354885243,0.1440014296758818,50
484.0,0.0,544.9271151488645,0.0,326.38522347736864,0.0,-326.38522347736864,0.0,50
484.0,-9.999874952345635,544.9271151488645,0.02549135718254547,326.38522347736847,-0.006398230564172991,-326.38522347736847,0.006398230564172991,50
483.5000062523827,-19.99922504140727,544.9283897167236,0.08666747135976038,326.38490356584026,-0.021754144445367274,-326.38490356584026,0.021754144445367274,50
482.50004500031235,-29.994352700235822,544.9327230902916,0.28542851856173,326.383815858618,-0.07165493757042896,-326.383815858618,0.07165493757042896,50
481.00032736530056,-39.977693585813086,544.9469945162197,0.6728638409003906,326.38023311173947,-0.16898098371029846,-326.38023311173947,0.16898098371029846,50
479.0014426860099,-49.93099293136538,544.9806377082647,1.3302980729031333,326.37178406255396,-0.3343472762139754,-326.37178406255396,0.3343472762139754,50
476.50489303944164,-59.82860767089278,545.0471526119098,2.2991257498074447,326.35506669874326,-0.5786601327497465,-326.35506669874326,0.5786601327497465,50
473.513462655897,-69.63199184835958,545.1621088994002,3.6414747002572767,326.32613369210577,-0.9186241214422353,-326.32613369210577,0.9186241214422353,50
470.031863063479,-79.2909016781482,545.3441826344131,5.405670808295326,326.28020248603366,-1.3684465764026754,-326.28020248603366,1.3684465764026754,50
466.0673179795716,-88.72041241296301,545.6144661748278,7.696125992224552,326.2117801572135,-1.9581147491601314,-326.2117801572135,1.9581147491601314,50
461.63129735892346,-97.81976619163402,545.9992724744391,10.572205726703032,326.1138744197555,-2.7087074868040872,-326.1138744197555,2.7087074868040872,50
456.74030904934176,-106.51294474507608,546.5278827607742,13.993008745760562,325.9784390454153,-3.6186514003827597,-325.9784390454153,3.6186514003827597,50
451.41466181208796,-114.63064639248728,547.2275331980622,18.08409307783677,325.7975064753962,-4.733100207527059,-325.7975064753962,4.733100207527059,50
445.6831294924636,-122.02394264533154,548.1317378519541,22.854332200606677,325.5608514650198,-6.072578785294809,-325.5608514650198,6.072578785294809,50
439.581932360197,-128.45164446257058,549.2744544619844,28.394570167749862,325.2572225257551,-7.68593442779661,-325.2572225257551,7.68593442779661,50
433.1593501370685,-133.8070531896699,550.6941829703719,34.59196135165712,324.87292580436525,-9.574556266807122,-324.87292580436525,9.574556266807122,50
426.468997477585,-137.7784774523684,552.4237810379548,41.539700276107396,324.3941979910249,-11.80321147533391,-324.3941979910249,11.80321147533391,50
419.58007360496657,-140.05174915390967,554.5007660517601,49.2541025448395,323.8040374172582,-14.42604116790335,-323.8040374172582,14.42604116790335,50
412.5774861472711,-140.4928165842773,556.9634711790021,57.58481464387842,323.08273535886303,-17.45653345085202,-323.08273535886303,17.45653345085202,50
405.5528453180572,-138.71656993878105,559.842711911196,66.55408898265023,322.20990868632043,-20.964963714487794,-322.20990868632043,20.964963714487794,50
398.61701682111817,-134.42640366448927,563.1704163603285,76.07123570536714,321.16166050059604,-24.994105836068456,-321.16166050059604,24.994105836068456,50
391.8956966378937,-127.4011792122667,566.9739781455969,85.99586529967837,319.9119552087926,-29.571266175701112,-319.9119552087926,29.571266175701112,50
385.5256376772804,-117.2681799475049,571.2737714105808,96.2341993986729,318.43339190000756,-34.73606984307935,-318.43339190000756,34.73606984307935,50
379.6622286799051,-103.88889362090595,576.0854813805145,106.58164845957572,316.6965884078536,-40.4805587613987,-316.6965884078536,40.4805587613987,50
374.46778399885983,-86.90719678537221,581.4145638034933,116.8839238357964,314.67256046978366,-46.798194662159176,-314.67256046978366,46.798194662159176,50
370.1224241595912,-66.31600990545053,587.2587599952831,126.87189295241296,312.3326507366757,-53.61346199625359,-312.3326507366757,53.61346199625359,50
366.8066236643187,-42.07367401579859,593.6023546429037,136.2869121698418,309.651977636863,-60.81855357149152,-309.651977636863,60.81855357149152,50
364.70293996352876,-14.058799270575264,600.4167002513958,135.93321753445252,306.61104995828845,-63.94636088698462,-306.61104995828845,63.94636088698462,50
364.0,0.0,607.2133611281184,132.96956127783233,303.4137319139392,-65.68442874545894,-303.4137319139392,65.68442874545894,50
364.0,0.0,613.86183919201,129.78261758077224,300.12951047666627,-67.05756437073546,-300.12951047666627,67.05756437073546,50
364.0,0.0,620.3509700710487,126.62637523270632,296.7766322581295,-68.19643951107082,-296.7766322581295,68.19643951107082,50
364.0,0.0,626.682288832684,123.48370935876801,293.36681028257595,-69.10506374773263,-293.36681028257595,69.10506374773263,50
364.0,0.0,632.8564743006224,120.33720468787806,289.9115570951893,-69.78504766158153,-289.9115570951893,69.78504766158153,50
364.0,0.0,638.8733345350163,117.16898172004676,286.42230471211025,-70.23562132096117,-286.42230471211025,70.23562132096117,50
364.0,0.0,644.7317836210186,113.9605288150392,282.9105236460622,-70.45363618766714,-282.9105236460622,70.45363618766714,50
364.0,0.0,650.4298100617706,110.69254164596941,279.38784183667883,-70.43355583562061,-279.38784183667883,70.43355583562061,50
364.0,0.0,655.964437144069,107.34477968636384,275.8661640448978,-70.16744682416629,-275.8661640448978,70.16744682416629,50
364.0,0.0,661.3316761283872,103.89594705127365,272.3577917036895,-69.64498123785688,-272.3577917036895,69.64498123785688,50
364.0,0.0,666.5264734809509,100.32361351494956,268.87554264179664,-68.8534695574674,-268.87554264179664,68.8534695574674,50
364.0,0.0,671.5426541566984,96.60419321950712,265.43286916392327,-67.77794602460972,-265.43286916392327,58.65738327846543,50
364.0,0.0,676.3728638176738,92.71300800691961,262.0439718626928,-66.4013376125979,-262.5,0.0,50
364.0,0.0,681.0085142180197,88.6244658872647,258.7239049820629,-64.70475315256067,-262.5,0.0,50
364.0,0.0,685.439737512383,84.31239583302386,255.48866732443486,-62.667939468311715,-262.5,0.0,50
364.0,0.0,689.6553573040342,79.75058067878308,252.35527035101927,-60.26995403378805,-262.5,0.0,50
364.0,0.0,693.6428863379733,74.91353843282468,249.34177264932987,-57.49011057995517,-262.5,0.0,50
364.0,0.0,697.3885632596146,69.77759046631036,246.4672671203321,-54.309243463934536,-262.5,0.0,50
364.0,0.0,700.8774427829301,64.32224408187722,243.75180494713538,-50.71132216706246,-262.5,0.0,50
364.0,0.0,704.0935549870239,58.53188386157399,241.21623883878226,-46.68541050090198,-262.5,0.0,50
364.0,0.0,707.0201491801026,52.39771354871664,238.88196831373716,-42.227906144730696,-262.5,0.0,50
364.0,0.0,709.6400348575385,45.919823434828686,236.77057300650063,-37.34491945899208,-262.5,0.0,50
364.0,0.0,711.9360260292799,39.10917227515256,234.90332703355102,-32.05455447550548,-262.5,0.0,50
364.0,0.0,713.8914846430375,34.10822659500809,233.30059930977575,-28.142210932901435,-262.5,0.0,50
364.0,0.0,715.5968959727879,34.584698481137366,231.89348876313068,-28.712723166260048,-262.5,0.0,50
364.0,0.0,717.3261308968448,35.087151355619426,230.45785260481767,-29.312359778650716,-262.5,0.0,50
364.0,3.1141633541562896,719.0804884646258,35.42253632823531,228.99223461588514,-29.77899065912311,-262.5,0.0,50
364.1557081677078,12.270168253262455,720.8516152810375,34.3135784495189,227.50328508292898,-29.0253553785044,-262.5,0.0,50
364.76921658037094,21.547634352440355,722.5672942035135,30.77867816197795,226.05201731400376,-26.184835025935627,-262.5,0.0,50
365.84659829799295,28.944605562708148,724.1062281116124,25.49652492324185,224.74277556270698,-21.798236384198617,-262.5,0.0,50
367.29382857612836,35.00487102599777,725.3810543577745,17.928086707547664,223.65286374349705,-15.385774276544453,-262.5,0.0,50
369.04407212742825,38.568621595211425,726.2774586931519,9.599604068528151,222.88357502966983,-8.258071231427948,-262.5,0.0,50
370.9725032071888,39.93865366732962,726.7574388965783,1.3180396787970494,222.47067146809843,-1.134920899160079,-262.5,0.0,50
372.9694358905553,39.999999959999286,726.8233408805181,0.0,222.41392542314043,0.0,-262.5,0.0,50
374.96943588855527,40.00000003999958,726.8233408805181,0.0,222.41392542314043,0.0,-262.5,0.0,50
376.96943589055525,39.999999959999286,726.8233408805181,0.0,222.41392542314043,0.0,-262.5,0.0,50
378.9694358885552,40.00000003999958,726.8233408805181,0.0,222.41392542314043,0.0,-262.5,0.0,50
380.9694358905552,48.999999994999826,726.8233408805181,0.0,222.41392542314043,0.0,-262.5,0.0,50
383.4194358903052,58.00000002999923,726.8233408805181,0.0,222.41392542314043,0.0,-262.5,0.0,50
386.31943589180514,66.99999998499834,726.8233408805181,0.0,222.41392542314043,0.0,-262.5,0.0,50
389.66943589105506,76.00000001999888,726.8233408805181,0.0,222.41392542314043,0.0,-262.5,0.0,50
393.469435892055,84.99999997499913,726.8233408805181,0.0,222.41392542314043,0.0,-262.5,0.0,50
397.71943589080496,94.00000000999853,726.8233408805181,0.0,222.41392542314043,0.0,-262.5,0.0,50
402.4194358913049,102.99999996499878,726.8233408805181,0.0,222.41392542314043,0.0,-262.5,0.0,50
407.5694358895548,111.99999999999818,726.8233408805181,0.0,222.41392542314043,0.0,-262.5,0.0,50
413.16943588955473,103.00000004499907,726.8233408805181,0.0,222.41392542314043,0.0,-262.5,0.0,50
418.3194358918047,93.99999992999824,726.8233408805181,0.0,222.41392542314043,0.0,-262.5,0.0,50
423.0194358883046,85.00000005499942,726.8233408805181,0.0,222.41392542314043,0.0,-262.5,0.0,50
427.26943589105457,76.00000001999888,726.8233408805181,0.0,222.41392542314043,0.0,-262.5,0.0,50
431.0694358920545,66.99999998499834,726.8233408805181,0.0,222.41392542314043,0.0,-262.5,0.0,50
434.41943589130443,57.99999994999894,726.8233408805181,0.0,222.41392542314043,0.0,-262.5,0.0,50
437.3194358888044,48.999999994999826,726.8233408805181,0.0,222.41392542314043,0.0,-262.5,0.0,50
439.76943588855437,40.00000003999958,726.8233408805181,0.0,222.41392542314043,0.0,-262.5,0.0,50
441.76943589055435,39.999999959999286,726.8233408805181,0.0,222.41392542314043,0.0,-262.5,0.0,50
443.7694358885543,39.681513657149026,726.8233408805181,-3.880331267268957,222.41392542314043,3.340483226993456,-262.5,0.0,50
445.75351157141176,37.553106238543705,726.6293243171547,-12.646919525795965,222.5809495844901,10.871803407633251,-262.5,0.0,50
447.63116688333895,32.91385716468653,725.9969783408649,-21.059905728268404,223.12453975487176,18.050897914420148,-262.5,0.0,50
449.2768597415733,26.54760030481384,724.9439830544515,-27.534606795561558,224.02708465059277,23.500540966384733,-262.5,0.0,50
450.60423975681397,18.075236748642283,723.5672527146734,-32.440738651891934,225.202111698912,27.54257087779706,-262.5,0.0,50
451.5080015942461,8.978587804602967,721.9452157820788,-34.9354778083125,226.57924024280186,29.484887322931854,-262.5,0.0,50
451.95693098447623,0.861380310475397,720.1984418916632,-35.39482243781322,228.05348460894845,29.686732748132272,-262.5,0.0,50
452.0,0.0,718.4287007697725,-34.89817050123975,229.53782124635507,29.087054860306125,-262.5,0.0,50
452.0,0.0,716.6837922447105,-34.405585065567266,230.99217398937037,28.49848186306872,-262.5,0.0,50
452.0,0.0,714.9635129914321,-33.93817901391458,232.4170980825238,27.93812740336989,-262.5,0.0,50
452.0,0.034895062153736944,713.2666040407364,-33.493878982590104,233.8140044526923,27.403671262690068,-262.5,0.0,50
452.0017447531077,0.11999849982771593,711.5919100916069,-33.070872213165785,235.1841880158268,26.893075413784118,-262.5,0.0,50
452.0077446780991,0.24499693753227803,709.9383664809486,-39.96426717026225,236.528841786516,32.280504840181266,-262.5,0.0,50
452.0199945249757,0.4998675097135674,707.9401531224355,-46.56739953817578,238.14286702852507,37.312536503029605,-262.5,0.0,50
452.04498790046136,1.0395921261124386,705.6117831455267,-52.85808304377497,240.00849385367655,41.959277300586564,-262.5,0.0,50
452.096967506767,2.053522939454524,702.968878993338,-58.81998921882314,242.10645771870588,46.19902592119615,-262.5,0.0,50
452.1996436537397,3.7335734970895373,700.0278795323968,-64.43804172752834,244.4164090147657,50.01450490776506,-262.5,0.0,50
452.3863223285942,6.509276347015884,696.8059774460204,-69.68292343059147,246.91713426015394,53.38102061356494,-262.5,0.0,50
452.711786145945,10.442465565570274,693.3218312744908,-74.52165104056121,249.5861852908322,56.275350776338655,-262.5,0.0,50
453.2339094242235,15.396913423937804,689.5957487224628,-78.93805948603585,252.39995282964912,58.69125849161719,-262.5,0.0,50
454.0037550954204,20.857867685024303,685.648845748161,-82.97568253819463,255.33451575422998,60.66944207027973,-262.5,0.0,50
455.0466484796716,26.08386456187759,681.5000616212512,-86.7556490140214,258.36798785774397,62.30545726903074,-262.5,0.0,50
456.3508417077655,30.762744880811397,677.1622791705502,-90.37875465540765,261.4832607211955,63.67433700452807,-262.5,-43.3395514284382,50
457.88897895180605,34.7688524810394,672.6433414377798,-93.9141348576095,264.6669775714219,64.82340788440865,-264.6669775714219,-64.82340788440865,50
459.627421575858,38.17862197421505,667.9476346948993,-97.38812092874014,267.90814796564234,65.76675781248014,-267.90814796564234,-65.76675781248014,50
461.5363526745688,41.262455640771805,663.0782286484623,-100.78263220648523,271.19648585626635,66.48759580538808,-271.19648585626635,-66.48759580538808,50
463.59947545660737,43.90305485349586,658.039097038138,-104.13677982165609,274.52086564653575,67.00694316065551,-274.52086564653575,-67.00694316065551,50
465.79462819928216,46.243541007033855,652.8322580470552,-107.44492431042545,277.87121280456853,67.3149051371513,-277.87121280456853,-67.3149051371513,50
468.10680524963385,48.17046842442892,647.460011831534,-110.74042904675252,281.2369580614261,67.42534441956195,-281.2369580614261,-67.42534441956195,50
470.5153286708553,49.60871410050231,641.9229903791963,-114.04655878673339,284.6082252824042,67.34303719945729,-284.6082252824042,-67.34303719945729,50
472.9957643758804,50.52327320163613,636.2206624398597,-117.3790464565468,287.97537714237706,67.0659401070418,-287.97537714237706,-67.0659401070418,50
475.5219280359622,50.81200851446397,630.3517101170323,-120.75945454738758,291.32867414772915,66.59308158294039,-291.32867414772915,-66.59308158294039,50
478.0625284616854,50.271643791187444,624.313737389663,-124.2188060127296,294.65832822687616,65.92553090370643,-294.65832822687616,-65.92553090370643,50
480.5761106512448,48.68361952611849,618.1027970890265,-127.78010740953277,297.9546047720615,65.05617868531431,-297.9546047720615,-65.05617868531431,50
483.0102916275507,45.71567794215639,611.7137917185498,-131.46748947628112,301.2074137063272,63.97477284742081,-301.2074137063272,-63.97477284742081,50
485.29607552465853,40.54810282853168,605.1404172447358,-135.32672891317816,304.40615234869824,62.676688671133434,-304.40615234869824,-62.676688671133434,50
487.3234806660851,32.32555368811859,598.3740807990769,-139.3410021520708,307.5399867822549,61.12341696796989,-307.5399867822549,-61.12341696796989,50
488.93975835049105,19.012806929158614,591.4070306914733,-143.4449767118008,310.5961576306534,59.257268857626286,-310.5961576306534,-59.257268857626286,50
489.890398696949,5.486507691248335,584.2347818558833,-147.3032872446538,313.5590210735347,56.92700475564948,-313.5590210735347,-56.92700475564948,50
490.1647240815114,5.043937771328046,576.8696174936506,-150.94669854923723,316.4053713113172,54.154050900730226,-316.4053713113172,-54.154050900730226,50
490.4169209700778,5.290883540875484,569.3222825661887,-154.72475849963757,319.1130738563537,51.058788904882704,-319.1130738563537,-51.058788904882704,50
490.68146514712157,5.370487742969772,561.5860446412069,-158.66720966580942,321.66601330159784,47.62024088462681,-321.66601330159784,-47.62024088462681,50
490.94998953427006,5.584251834824272,553.6526841579164,-162.79283349709658,324.0470253458292,43.80927336233299,-324.0470253458292,-43.80927336233299,50
491.2292021260113,5.72043627312155,545.5130424830616,-167.1263486200587,326.23748901394583,39.594189819022176,-326.23748901394583,-39.594189819022176,50
491.51522393966735,5.854221464798002,537.1567250520586,-171.69138483727693,328.21719850489694,34.93814756206348,-328.21719850489694,-34.93814756206348,50
491.80793501290725,6.070384909940003,528.5721558101948,-176.51308131004498,329.9641058830001,29.79965882190868,-329.9641058830001,-29.79965882190868,50
492.11145425840425,6.190193474110401,519.7465017446925,-181.6206420452363,331.45408882409555,24.1325082904973,-331.45408882409555,-24.1325082904973,50
492.42096393210977,6.354331271686533,510.6654696424307,-187.0421306563469,332.6607142386204,17.88442781418098,-332.6607142386204,-17.88442781418098,50
492.7386804956941,6.544964741628974,501.31336310961336,-192.8087184996832,333.55493562932946,10.997524745439478,-333.55493562932946,-10.997524745439478,50
493.06592873277555,6.620677788204148,491.6729271846292,-198.95422065478328,334.10481186660144,3.40764492119888,-334.10481186660144,-3.40764492119888,50
493.39696262218575,6.840129748804884,481.72521615189004,-205.50998504506083,334.2751941126614,-4.955901903966833,-334.2751941126614,4.955901903966833,50
493.738969109626,6.958764350218871,471.449716899637,-212.51252588708326,334.02739901746304,-14.170161333984197,-334.02739901746304,14.170161333984197,50
494.08690732713694,7.025719095771592,460.82409060528283,-215.12129272929997,333.31889095076383,-23.67377099428154,-333.31889095076383,23.67377099428154,50
494.4381932819255,6.960272910972662,450.06802596881784,-218.0320698534274,332.13520240104975,-33.508742289913016,-332.13520240104975,33.508742289913016,50
494.78620692747415,6.9750715516329365,439.16642247614647,-221.22727023833022,330.4597652865541,-43.69965677987693,-330.4597652865541,43.69965677987693,50
495.1349605050558,6.958764350217734,428.10505896422995,-224.68912686677527,328.27478244756026,-54.266286197540694,-328.27478244756026,54.266286197540694,50
495.4828987225667,7.025762107332412,416.8706026208912,-228.39330022707827,325.5614681376832,-65.22174846144253,-325.5614681376832,65.22174846144253,50
495.8341868279333,6.96027280550652,405.4509376095373,-232.31311997240255,322.3003807146111,-76.57259077037907,-322.3003807146111,76.57259077037907,50
496.18220046820863,6.975028364319087,393.83528161091715,-236.41078822610552,318.47175117609214,-88.31521515261215,-318.47175117609214,88.31521515261215,50
496.5309518864246,6.959054695909117,382.0147421996119,-240.64361617400436,314.05599041846153,-100.4364347741307,-314.05599041846153,100.4364347741307,50
496.87890462122004,7.0255147380225935,369.98256139091166,-244.9572668733117,309.034168679755,-112.90994017197931,-309.034168679755,112.90994017197931,50
497.2301803581212,6.960272910971526,357.73469804724607,-249.29055363797374,303.38867167115603,-125.69707741627894,-303.38867167115603,125.69707741627894,50
497.57819400366975,6.974985282472517,345.2701703653474,-253.56659305739527,297.1038178003421,-138.7416281314347,-297.1038178003421,138.7416281314347,50
497.9269432677934,6.960363849468649,332.5918407124776,-257.7005545593511,290.16673639377035,-151.97237157975792,-290.16673639377035,151.97237157975792,50
498.2749614602668,7.024248771776911,319.70681298451007,-261.5940202819479,282.56811781478245,-165.2994715985028,-282.56811781478245,165.2994715985028,50
498.62617389885565,6.960272910971526,306.62711197041267,-265.14208488974646,274.3031442348573,-178.61820478939308,-274.3031442348573,178.61820478939308,50
498.97418754440423,6.9749423763778395,293.37000772592535,-268.2269707282296,265.37223399538766,-191.80486670177572,-265.37223399538766,57.4446799077532,50
499.3229346632231,7.02558234574326,279.95865918951387,-270.7285813063902,255.78199066029887,-204.72382134388,-262.5,0.0,50
499.6742137805103,6.9590731815969775,266.42223012419436,-272.5270263824365,245.54579959310487,-217.2306418700083,-262.5,0.0,50
500.02216743959013,6.974808250568003,252.79587880507253,-273.50192198839125,234.68426749960446,-229.17255250138624,-262.5,0.0,50
500.37090785211853,6.960363849468649,239.12078270565297,-273.54585811967013,223.22563987453515,-240.40052338281782,-262.5,0.0,50
500.71892604459197,7.025625427590967,225.44348979966946,-272.563771639027,211.20561370539426,-250.77088225198622,-262.5,0.0,50
501.0702073159715,6.959073181594704,211.81530121771812,-270.4850076811482,198.66706959279495,-260.1580131599803,-262.5,0.0,50
501.41816097505125,6.974765168721433,198.2910508336607,-267.2590573619391,185.65916893479593,-268.4526727909446,-262.5,0.0,50
501.7668992334873,6.9603637088596315,184.92809796556375,-262.8679507645501,172.2365352952487,-275.57583400257784,-262.5,0.0,50
502.1149174189303,7.025668650046555,171.78470042733625,-257.32141604851677,158.4577435951198,-281.4763992508932,-262.5,0.0,50
502.46620085143263,6.959073181595841,158.9186296249104,-250.6627869819772,144.38392363257515,-286.13968704084186,-262.5,0.0,50
502.8141545105124,6.9747222274838805,146.38549027581155,-242.95838407914061,130.07693928053305,-289.5781382837623,-262.5,0.0,50
503.1628906218866,6.960363849467512,134.23757107185452,-234.3020053217188,115.59803236634494,-291.83838802726854,-262.5,0.0,50
503.51090881436,7.0257116616073745,122.52247080576858,-224.80377411857688,101.00611296498151,-292.99061124007864,-262.5,0.0,50
503.86219439744036,16.22978388622755,111.28228209983973,-214.38163514442294,86.35658240297758,-292.83908721894534,-262.5,0.0,50
504.67368359175174,60.157713282459326,100.56320034261859,-201.4704911612597,71.71462804203031,-288.9382708395516,-262.5,0.0,50
507.6815692558747,100.58678685795485,90.4896757845556,-186.6208451334316,57.26771450005273,-281.44940700010324,-262.5,0.0,50
512.7109085987724,133.98626180962992,81.15863352788402,-171.28762247206737,43.19524415004757,-272.05245785125527,-262.5,0.0,50
519.410221689254,161.5336129580578,72.59425240428065,-156.31919962214198,29.592621257484808,-261.8601150320586,-262.5,0.0,50
527.4869023371568,184.4589343075745,64.77829242317355,-142.12738131487583,16.499615505881877,-251.50685141442608,-262.5,0.0,50
536.7098490525356,203.63904547647053,57.67192335742976,-128.91356387166866,3.924272935160573,-241.39916036608042,-262.5,0.0,50
546.8918013263591,219.97618282314306,51.22624516384633,-116.69435667733978,-8.145685083143448,-231.67727024649452,-262.5,0.0,50
557.8906104675162,234.255203468108,45.39152732997934,-105.40168807246744,-19.729548595468174,-222.32815568708446,-262.5,0.0,50
569.6033706409216,247.00148212988552,40.12144292635597,-94.96656962708983,-30.845956379822397,-213.32064745985377,-262.5,0.0,50
581.9534447474159,259.58037988434626,35.37311444500148,-85.09765306729662,-41.511988752815085,-204.05267710572303,-262.5,0.0,50
594.9324637416332,271.7405868042488,31.118231791636646,-75.87306441506172,-51.71462260810124,-194.68271871564724,-262.5,0.0,50
608.5194930818457,280.2079398684464,27.32457857088356,-66.62566988632506,-61.4487585438836,-183.31160934305757,-262.5,0.0,50
622.529890075268,283.33613644462275,23.993295076567307,-57.56849964134716,-70.61433901103648,-170.03559806420583,-262.5,0.0,50
636.6966968974991,284.94894168760084,21.11487009449995,-49.699235096203154,-79.11611891424677,-157.67247494625565,-262.5,0.0,50
650.9441439818792,285.0067697772124,18.62990833968979,-42.92305547349713,-86.99974266155955,-146.34541203932656,-262.5,0.0,50
665.1944824707398,283.68141433486926,16.483755566014935,-37.10024636091731,-94.31701326352588,-136.01753187500805,-262.5,0.0,50
679.3785531874832,281.03763150652867,14.62874324796907,-32.124133390045984,-101.11788985727628,-126.7280324009377,-262.5,0.0,50
693.4304347628097,277.79062020130596,13.02253657846677,-27.757207366192915,-107.45429147732317,-117.90859639758366,-262.5,0.0,50
707.319965772875,274.2874407039926,11.634676210157124,-23.871206728152572,-113.34972129720235,-109.23984361817645,-262.5,0.0,50
721.0343378080746,270.49144758727834,10.441115873749496,-20.429602168314887,-118.81171347811117,-100.72813141730308,-262.5,0.0,50
734.5589101874385,266.3427847205571,9.419635765333751,-17.400939524335968,-123.84812004897633,-92.40773702196321,-262.5,0.0,50
747.8760494234664,261.7519297020908,8.549588789116953,-14.761131679669859,-128.4685069000745,-84.36514645340253,-262.5,0.0,50
760.9636459085709,256.7443503098434,7.81153220513346,-12.463636477023954,-132.6867642227446,-76.56721609132774,-262.5,0.0,50
773.8008634240631,251.23292001266464,7.1883503812822624,-10.488054834597449,-136.515125027311,-69.13054721829212,-262.5,0.0,50
786.3625094246963,245.25085565179097,6.66394763955239,-8.792581350134299,-139.9716523882256,-62.03967577401727,-262.5,0.0,50
798.6250522072859,238.77167387730196,6.224318572045675,-7.351148966999688,-143.07363617692647,-55.36957140077391,-262.5,0.0,50
810.563635901151,231.8583667224084,5.856761123695691,-6.1230148664407125,-145.84211474696517,-49.070292208209025,-262.5,0.0,50
822.1565542372714,224.52011382846877,5.550610380373655,-5.082866354901228,-148.29562935737562,-43.178622260079464,-262.5,0.0,50
833.3825599286948,216.7526419181445,5.296467062628594,-4.212211310618841,-150.4545604703796,-37.77393875717394,-262.5,0.0,50
844.220192024602,208.62910717885597,5.085856497097652,-3.479346190535182,-152.3432574082383,-32.79452903087474,-262.5,0.0,50
854.6516473835449,200.19531966797786,4.9118891875708925,-2.860858295227331,-153.98298385978202,-28.210960522112032,-262.5,0.0,50
864.6614133669437,191.45029739717756,4.768846272809526,-2.3489782205516008,-155.39353188588763,-24.120032787124046,-262.5,0.0,50
874.2339282368026,182.4813033246619,4.651397361781946,-1.9148404086564597,-156.59953352524383,-20.37830724691048,-262.5,0.0,50
883.3579934030357,173.29421865960512,4.555655341349123,-1.552840094636565,-157.61844888758935,-17.04829416467021,-262.5,0.0,50
892.022704336016,163.9191657752599,4.478013336617295,-1.2540396835390766,-158.47086359582286,-14.140547399040315,-262.5,0.0,50
900.218662624779,154.40754299150967,4.415311352440341,-1.00143422460377,-159.17789096577488,-11.549799004646388,-262.5,0.0,50
907.9390397743545,144.77450511491043,4.365239641210152,-0.791466930034801,-159.7553809160072,-9.300447592155479,-262.5,0.0,50
915.1777650301,135.04191289777054,4.325666294708412,-0.6190318529078809,-160.22040329561497,-7.385742131174311,-262.5,0.0,50
921.9298606749885,125.23995030805281,4.294714702063018,-0.47363865434988384,-160.5896904021737,-5.719950479862064,-262.5,0.0,50
928.1918581903911,115.37667731140118,4.271032769345524,-0.3552322509790429,-160.8756879261668,-4.330504682410492,-262.5,0.0,50
933.9606920559612,105.4700775397373,4.253271156796572,-0.2581222325730437,-161.09221316028732,-3.1689995195887377,-262.5,0.0,50
939.2341959329481,95.52646186173206,4.24036504516792,-0.18533682921031414,-161.25066313626675,-2.2872117872094577,-262.5,0.0,50
944.0105190260347,85.56748919874963,4.231098203707404,-0.11894588040917142,-161.36502372562722,-1.4731608091403814,-262.5,0.0,50
948.2888934859722,75.58547156177156,4.2251509096869455,-0.07884666177631061,-161.43868176608424,-0.9788176054337328,-262.5,0.0,50
952.0681670640607,65.59729377267786,4.22120857659813,-0.04198779970607802,-161.48762264635593,-0.5219942163381575,-262.5,0.0,50
955.3480317526946,55.60204205943137,4.219109186612826,-0.017258825320709548,-161.51372235717284,-0.21471406775049218,-262.5,0.0,50
958.1281338556662,45.60307406696893,4.218246245346791,-0.005069424423709279,-161.52445806056036,-0.06308463928405672,-262.5,0.0,50
960.4082875590146,35.60333692186987,4.217992774125605,1.4210854715202004e-12,-161.52761229252457,3.410605131648481e-12,-262.5,0.0,50
962.1884544051081,25.603336971862518,4.217992774125676,1.4210854715202004e-12,-161.5276122925244,-4.547473508864641e-12,-262.5,0.0,50
963.4686212537013,15.603337021866537,4.217992774125747,-2.8421709430404007e-12,-161.52761229252462,0.0,-262.5,0.0,50
964.2487881047946,5.603337071861461,4.217992774125605,1.4210854715202004e-12,-161.52761229252462,5.6843418860808015e-12,-262.5,0.0,50
964.5289549583877,0.0,4.217992774125676,0.0,-161.52761229252434,0.0,-262.5,0.0,50
964.5289549583877,0.0,4.217992774125676,0.0,-161.52761229252434,0.0,-262.5,0.0,50
964.5289549583877,-6.028305968488894,4.217992774125676,-0.2754996815312438,-161.52761229252434,0.9040055692679516,-262.5,1.640625,50
964.2275396599632,-18.08491790547123,4.204217790049114,-0.825744606787282,-161.48241201406094,2.7120895179081117,-262.41796875,4.921875,50
963.3232937646897,-30.141529842449017,4.16293055970975,-1.3737257354748067,-161.34680753816554,4.5203945672994905,-262.171875,8.203125,50
961.8162172725672,-42.19814177942908,4.09424427293601,-1.9179322403601873,-161.12078780980056,6.329077018405087,-261.76171875,11.484375,50
959.7063101835957,-54.25475371640914,3.998347660918,-2.4568507835780906,-160.8043339588803,8.138306519763319,-261.1875,14.765625,50
956.9935724977753,-66.3113656533892,3.8755051217390957,-2.9889643796536802,-160.39741863289214,9.948271401115107,-260.44921875,18.046875,50
953.6780042151058,-78.36797759036926,3.7260569027564117,-3.512751126037017,-159.90000506283639,11.759184003437326,-259.546875,21.328125,50
949.7596053355874,-90.42458952734933,3.550419346454561,-4.02668276340421,-159.31204586266452,13.571286006935566,-258.48046875,24.609375,50
945.2383758592199,-102.48120146432939,3.3490852082843503,-4.52922302820582,-158.63348156231774,15.38485376054723,-257.25,27.890625,50
940.1143157860034,-114.53781340130718,3.1226240568740593,-5.018825759805168,-157.86423887429038,17.200203618752425,-255.85546875,31.171875,50
934.3874251159381,-126.59442533828951,2.871682768883801,-5.493932724694162,-157.00422869335276,19.017697294146387,-254.296875,34.453125,50
928.0577038490236,-138.6510372752673,2.596986132649093,-5.952971119833705,-156.05334382864544,20.837747237444546,-252.57421875,37.734375,50
921.1251519852602,-150.70764921224736,2.2993375766574076,-6.394350717008024,-155.0114564667732,22.660822059814336,-250.6875,41.015625,50
913.5897695246479,-162.7642611492297,1.9796200408070064,-6.816460609196895,-153.8784153637825,24.48745201636143,-248.63671875,44.296875,50
905.4515564671864,-174.82087308620748,1.6387970103471616,-7.217665519245031,-152.65404276296442,26.318234573489008,-246.421875,47.578125,50
896.710512812876,-186.87748502318755,1.27791373438491,-7.596301629516233,-151.33813103428997,28.153840087494473,-244.04296875,50.859375,50
887.3666385617166,-198.9340969601676,0.8980986529090984,-7.950671889678063,-149.93043902991525,29.995017626234812,-241.5,54.140625,50
877.4199337137082,-210.99070889714767,0.5005650584251953,-8.279040757240352,-148.4306881486035,31.842600970927606,-238.79296875,57.421875,50
866.8703982688509,-223.04732083412546,0.08661302056317766,-1.7322604112635531,-146.83855810005713,33.69751484063386,-235.921875,60.703125,50
855.7180322271446,-235.1039327711078,0.0,0.0,-145.15368235802543,35.560781387484894,-232.88671875,63.984375,50
843.9628355885892,-247.16054470808785,0.0,0.0,-143.3756432886512,37.433527017262236,-229.6875,67.265625,50
831.6048083531848,-259.21715664506564,0.0,0.0,-141.50396693778808,39.31698959640528,-226.32421875,70.546875,50
818.6439505209315,-271.2737685820457,0.0,0.0,-139.53811745796781,41.21252611377713,-222.796875,73.828125,50
805.0802620918292,-283.33038051902577,0.0,0.0,-137.47749115227896,43.12162087336446,-219.10546875,77.109375,50
790.913743065878,-295.3869924560081,0.0,0.0,-135.32141010861073,45.045894302510305,-215.25,80.390625,50
776.1443934430775,-307.4436043929859,0.0,0.0,-133.06911539348522,46.98711246966866,-211.23046875,83.671875,50
760.7722132234283,-319.50021632996595,0.0,0.0,-130.7197597700018,48.9471974157766,-207.046875,86.953125,50
744.79720240693,-331.556828266946,0.0,0.0,-128.27239989921296,50.928238414687144,-202.69921875,90.234375,50
728.2193609935827,-343.6134402039238,0.0,0.0,-125.7259879784786,52.932504290564,-198.1875,93.515625,50
711.0386889833865,-355.67005214090614,0.0,0.0,-123.0793627639504,54.96245693397128,-193.51171875,96.796875,50
693.2551863763412,-367.7266640778862,0.0,0.0,-120.33123991725184,57.0207661738948,-188.671875,100.078125,50
674.8688531724468,-379.78327601486626,0.0,0.0,-117.4802016085571,59.11032618015639,-183.66796875,103.359375,50
655.8796893717035,-391.8398879518418,0.0,0.0,-114.52468529954928,61.2342735898352,-178.5,106.640625,50
636.2876949741114,-403.8964998888264,0.0,0.0,-111.46297162005752,63.39600757297035,-173.16796875,109.921875,50
616.0928699796701,-415.95311182580417,0.0,0.0,-108.293171241409,65.59921207661858,-167.671875,113.203125,50
595.2952143883799,-428.00972376278423,0.0,0.0,-105.01321063757807,67.84788051326558,-162.01171875,116.484375,50
573.8947282002407,-440.06633569976657,0.0,0.0,-101.62081661191479,70.14634318905593,-156.1875,119.765625,50
551.8914114152524,-452.12294763674436,0.0,0.0,-98.113499452462,72.49929780045647,-150.19921875,123.046875,50
529.2852640334152,-464.17955957372214,0.0,0.0,-94.48853456243917,74.91184336393673,-144.046875,126.328125,50
506.07628605472905,-476.2361715107045,0.0,0.0,-90.74294239424233,77.38951798300064,-137.73046875,129.609375,50
482.26447747919383,-476.23617151070334,0.0,0.0,-86.8734664950923,77.95711600510202,-131.25,129.609375,50
458.45266890365866,-464.1795595737244,0.0,0.0,-82.9756106948372,76.55828656577484,-124.76953125,126.328125,50
435.24369092497244,-452.12294763674436,0.0,0.0,-79.14769636654846,75.14262183139948,-118.453125,123.046875,50
412.6375435431352,-440.06633569976543,0.0,0.0,-75.39056527497848,73.70772142808448,-112.30078125,119.765625,50
390.63422675814695,-428.0097237627831,0.0,0.0,-71.70517920357426,72.25131177454216,-106.3125,116.484375,50
369.2337405700078,-415.95311182580417,0.0,0.0,-68.09261361484715,70.77124802935799,-100.48828125,113.20312499999972,50
348.4360849787176,-403.89649988882525,0.0,0.0,-64.55405121337925,69.26551683028492,-94.82812500000001,109.92187500000057,50
328.2412599842763,-391.8398879518452,0.0,0.0,-61.09077537186501,67.73223968243798,-89.33203124999999,106.640625,50
308.64926558668407,-379.78327601486626,0.0,0.0,-57.70416338774311,66.1696768575581,-83.99999999999999,103.35937499999943,50
289.66010178594075,-367.72666407788506,0.0,0.0,-54.3956795448652,64.5762316706751,-78.83203125000001,100.07812500000028,50
271.2737685820465,-355.67005214090443,0.0,0.0,-51.16686796133145,62.95045500473293,-73.828125,96.79687499999972,50
253.49026597500128,-343.61344020392664,0.0,0.0,-48.0193452110948,61.29104995735446,-68.98828125000001,93.51562500000057,50
236.30959396480495,-331.5568282669449,0.0,0.0,-44.95479271322708,59.59687648764742,-64.31249999999999,90.234375,50
219.7317525514577,-319.5002163299654,0.0,0.0,-41.97494888884471,57.86695594567988,-59.800781249999986,86.95312499999943,50
203.75674173495943,-307.443604392987,0.0,0.0,-39.081601091560714,56.100475371361824,-55.453125000000014,83.67187500000028,50
188.38456151531008,-295.38699245600526,0.0,0.0,-36.27657732299262,54.29679145546373,-51.26953125,80.39062499999972,50
173.61521189250982,-283.33038051902747,0.0,0.0,-33.561737750219436,52.455434061177186,-47.250000000000014,77.10937500000057,50
159.44869286655845,-271.2737685820463,0.0,0.0,-30.938966047160577,50.57610921191298,-43.394531249999986,73.828125,50
145.88500443745613,-259.21715664506564,0.0,0.0,-28.410160586564928,48.6587014584984,-39.703124999999986,70.54687499999943,50
132.92414660520285,-247.16054470808785,0.0,0.0,-25.977225513640008,46.70327554758984,-36.175781250000014,67.26562500000028,50
120.56611936979846,-235.10393277110666,0.0,0.0,-23.642061736260516,44.71007732217487,-32.8125,63.984374999999716,50
108.81092273124312,-223.0473208341266,0.0,0.0,-21.406557870151772,42.67953379504945,-29.613281250000014,60.70312500000057,50
97.6585566895368,-210.99070889714937,0.0,0.0,-19.2725811803993,40.6122523461363,-26.578124999999986,57.421875,50
87.10902124467933,-198.93409696016704,0.0,0.0,-17.241968563092485,38.509019005560674,-23.707031249999986,54.14062499999943,50
77.16231639667097,-186.87748502318698,0.0,0.0,-15.316517612814451,36.37079579487619,-21.000000000000014,50.859375000000284,50
67.81844214551163,-174.82087308620748,0.0,0.0,-13.497977823070642,34.198717110082555,-18.45703125,47.578124999999716,50
59.07739849120125,-162.76426114922742,0.0,0.0,-11.788041967566514,31.99408514069262,-16.078125000000014,44.29687500000057,50
50.93918543373988,-150.70764921224736,0.0,0.0,-10.188337710531883,29.758364329757114,-13.863281249999986,41.015625,50
43.40380297312751,-138.65103727527014,0.0,0.0,-8.700419494044027,27.493174889988836,-11.812499999999986,37.73437499999943,50
36.471251109364005,-126.59442533828837,0.0,0.0,-7.325760749544585,25.200285400725875,-9.925781250000014,34.453125000000284,50
30.141529842449586,-114.53781340130718,0.0,0.0,-6.065746479508292,22.881604519592713,-8.203125,31.171874999999716,50
24.414639172384227,-102.48120146432825,0.0,0.0,-4.921666253528656,20.539171851075366,-6.644531250000014,27.89062500000057,50
19.290579099167815,-90.42458952734933,0.0,0.0,-3.8947076609748876,18.175148021866505,-5.249999999999986,24.609375,50
14.769349622800348,-78.3679775903704,0.0,0.0,-2.9859502598815624,15.791804019605138,-4.019531249999986,21.32812499999943,50
10.850950743281828,-66.3113656533892,0.0,0.0,-2.1963600589013055,13.391509857848405,-2.953125000000014,18.046875000000284,50
7.535382460612368,-54.254753716408004,0.0,0.0,-1.5267845660088852,10.976722635005842,-2.05078125,14.765624999999716,50
4.822644774791968,-42.19814177942908,0.0,0.0,-0.9779484342585931,8.54997405994169,-1.3125000000000142,11.484375000000568,50
2.712737685820514,-30.141529842449017,0.0,0.0,-0.5504497312615086,6.113857520112731,-0.7382812499999858,8.203125,50
1.205661193698063,-18.084917905472366,0.0,0.0,-0.2447568552558721,3.671014771732928,-0.3281249999999858,4.921874999999432,50
0.3014152984244447,-6.028305968488894,0.0,0.0,-0.06120611666922571,1.224122333381672,-0.08203125000001421,1.6406250000002842,50
0.0,0.0,0.0,0.0,-1.4210854715202004e-13,0.0,-0.0,0.0,50
